id:ID(Person);name;born:int;poster_image
2;Laurence Fishburne;1961;https://image.tmdb.org/t/p/w185/mh0lZ1XsT84FayMNiT6Erh91mVu.jpg
3;Carrie-Anne Moss;1967;https://image.tmdb.org/t/p/w185/8iATAc5z5XOKFFARLsvaawa8MTY.jpg
4;Hugo Weaving;1960;https://image.tmdb.org/t/p/w185/3DKJSeTucd7krnxXkwcir6PgT88.jpg
5;Gloria Foster;1933;https://image.tmdb.org/t/p/w185/ahwiARgfOYctk6sOLBBk5w7cfH5.jpg
6;Joe Pantoliano;1951;https://image.tmdb.org/t/p/w185/zBvDX2HWepvW9im6ikgoyOL2Xj0.jpg
7;Marcus Chong;1967;https://image.tmdb.org/t/p/w185/zYfXjMszFajTb93phn2Fi6LwEGN.jpg
8;Matt Doran;1976;https://image.tmdb.org/t/p/w185/gLpWm3azLiXgDPRWo23AnG5WM7O.jpg
9;Anthony Ray Parker;1958;https://image.tmdb.org/t/p/w185/iMHr0onfM8v4uVdPVnXxXx2xwwN.jpg
10;Keanu Reeves;1964;https://image.tmdb.org/t/p/w185/id1qIb7cZs2eQno90KsKwG8VLGN.jpg
11;Ada Nicodemou;1977;https://image.tmdb.org/t/p/w185/xSHiqKAoEHy7i2csyqyLfb86L0O.jpg
12;Rowan Witt;1988;https://image.tmdb.org/t/p/w185/kJot5sckPZRFVzkKEEJtaod423s.jpg
13;Lily Wachowski;1967;https://image.tmdb.org/t/p/w185/nh5SBuv9cm1FByTc7dlV0zyO3GO.jpg
14;Lana Wachowski;1965;https://image.tmdb.org/t/p/w185/8mbcXfOpmOiDLk6ZWfMsBGHEnet.jpg
15;Joel Silver;1952;https://image.tmdb.org/t/p/w185/1LIjLDXGRhwXohHL2jKhyvLv0rZ.jpg
29;Helmut Bakaitis;1944;https://image.tmdb.org/t/p/w185/y6ICnJGyavStO2wrbqpf5hABwPj.jpg
30;Lambert Wilson;1958;https://image.tmdb.org/t/p/w185/p4tfJZVGZmc4S22bKCzHaUVUiqa.jpg
31;Monica Bellucci;1964;https://image.tmdb.org/t/p/w185/z3sLuRKP7hQVrvSTsqdLjGSldwG.jpg
32;Adrian Rayment;1970;https://image.tmdb.org/t/p/w185/c3ExwLos7XIsLUuEzwFjOd1wYWo.jpg
33;Neil Rayment;1970;https://image.tmdb.org/t/p/w185/yXV3FgDENpm5P9m62GugJNGhczH.jpg
34;Daniel Bernhardt;1965;https://image.tmdb.org/t/p/w185/gsIWvByH4lzQdTgMswQWqiAQOql.jpg
35;Roy Jones Jr.;1969;https://image.tmdb.org/t/p/w185/fgsHZRBpMinLbRninT1RcApxEnA.jpg
36;Randall Duk Kim;1943;https://image.tmdb.org/t/p/w185/9AWMELz25S915kaUr5OzHJN4Xtm.jpg
37;Harry Lennix;1964;https://image.tmdb.org/t/p/w185/uwpRytLjzz1IvjNanYNlplPVal9.jpg
38;Collin Chou;1967;https://image.tmdb.org/t/p/w185/Ug1pqZuUcQjW4y9ljgBpFnHpcA.jpg
39;Cornel West;1953;https://image.tmdb.org/t/p/w185/lMOn0gg1tTphBE974NARiTmqTES.jpg
40;Jada Pinkett Smith;1971;https://image.tmdb.org/t/p/w185/9F9om3LeN7xM1yPcUn9e2qSpkDh.jpg
41;Nona Gaye;1974;https://image.tmdb.org/t/p/w185/tNwU5M0ylEuDtxqFLpNnNE7jFKb.jpg
42;Steve Bastoni;1966;https://image.tmdb.org/t/p/w185/pL2atjQ6ZnUzvlI4r3LeT6h3OW6.jpg
43;Nash Edgerton;1973;https://image.tmdb.org/t/p/w185/1lKEZ4rvjYzfSm5a3W7lIm8k3YN.jpg
44;David Franklin;1962;https://image.tmdb.org/t/p/w185/n5W2C8Fir0wdQg8HmBeBpmvpCfH.jpg
45;Robyn Nevin;1942;https://image.tmdb.org/t/p/w185/5tqOX7iKTWaf3KDN4hiHXXN7wmI.jpg
46;Harold Perrineau Jr.;1963;https://image.tmdb.org/t/p/w185/kHdfkvm6KAmYQaoCMegLp9303D2.jpg
47;Gina Torres;1969;https://image.tmdb.org/t/p/w185/z43hy1X1vRD26vNDh0lzxg1rcBl.jpg
48;Clayton Watson;1977;https://assets.tmdb.org/assets/7f29bd8b3370c71dd379b0e8b570887c/images/no-poster-w185-v2.png
49;Leigh Whannell;1977;https://image.tmdb.org/t/p/w185/cEy5gYVsjC7YL5Q53lkwjqYWP22.jpg
50;Bernard White;1959;https://image.tmdb.org/t/p/w185/1DEmHQyjfMLQssEE8PeFOtTYGn3.jpg
51;Anthony Zerbe;1936;https://image.tmdb.org/t/p/w185/hCxhuiCamxs0SOoQH46psnjT8xJ.jpg
69;Mary Alice;1941;https://image.tmdb.org/t/p/w185/2h20nF8gvhqhgVDV6Lru55dKB44.jpg
83;Bruce Willis;1955;https://assets.tmdb.org/assets/7f29bd8b3370c71dd379b0e8b570887c/images/no-poster-w185-v2.png
84;John Travolta;1954;https://assets.tmdb.org/assets/7f29bd8b3370c71dd379b0e8b570887c/images/no-poster-w185-v2.png
85;Samuel L. Jackson;1948;https://image.tmdb.org/t/p/w185/dlW6prW9HwYDsIRXNoFYtyHpSny.jpg
86;Harvey Keitel;1939;https://assets.tmdb.org/assets/7f29bd8b3370c71dd379b0e8b570887c/images/no-poster-w185-v2.png
87;Uma Thurman;1970;https://assets.tmdb.org/assets/7f29bd8b3370c71dd379b0e8b570887c/images/no-poster-w185-v2.png
88;Eric Stoltz;1961;https://assets.tmdb.org/assets/7f29bd8b3370c71dd379b0e8b570887c/images/no-poster-w185-v2.png
89;Ving Rhames;1959;https://assets.tmdb.org/assets/7f29bd8b3370c71dd379b0e8b570887c/images/no-poster-w185-v2.png
90;Tim Roth;1961;https://image.tmdb.org/t/p/w185/r4jtlboNqWPz2dOHafrPJE4Yd94.jpg
91;Amanda Plummer;1957;https://assets.tmdb.org/assets/7f29bd8b3370c71dd379b0e8b570887c/images/no-poster-w185-v2.png
92;Maria de Medeiros;1965;https://assets.tmdb.org/assets/7f29bd8b3370c71dd379b0e8b570887c/images/no-poster-w185-v2.png
93;Peter Greene;1965;https://assets.tmdb.org/assets/7f29bd8b3370c71dd379b0e8b570887c/images/no-poster-w185-v2.png
94;Rosanna Arquette;1959;https://assets.tmdb.org/assets/7f29bd8b3370c71dd379b0e8b570887c/images/no-poster-w185-v2.png
95;Duane Whitaker;1959;https://assets.tmdb.org/assets/7f29bd8b3370c71dd379b0e8b570887c/images/no-poster-w185-v2.png
96;Frank Whaley;1963;https://assets.tmdb.org/assets/7f29bd8b3370c71dd379b0e8b570887c/images/no-poster-w185-v2.png
97;Steve Buscemi;1957;https://assets.tmdb.org/assets/7f29bd8b3370c71dd379b0e8b570887c/images/no-poster-w185-v2.png
98;Christopher Walken;1943;https://assets.tmdb.org/assets/7f29bd8b3370c71dd379b0e8b570887c/images/no-poster-w185-v2.png
99;Julia Sweeney;1959;https://assets.tmdb.org/assets/7f29bd8b3370c71dd379b0e8b570887c/images/no-poster-w185-v2.png
100;Quentin Tarantino;1963;https://assets.tmdb.org/assets/7f29bd8b3370c71dd379b0e8b570887c/images/no-poster-w185-v2.png
101;Alexis Arquette;1969;https://assets.tmdb.org/assets/7f29bd8b3370c71dd379b0e8b570887c/images/no-poster-w185-v2.png
102;Bronagh Gallagher;1972;https://assets.tmdb.org/assets/7f29bd8b3370c71dd379b0e8b570887c/images/no-poster-w185-v2.png
103;Phil LaMarr;1967;https://assets.tmdb.org/assets/7f29bd8b3370c71dd379b0e8b570887c/images/no-poster-w185-v2.png
104;Burr Steers;1965;https://assets.tmdb.org/assets/7f29bd8b3370c71dd379b0e8b570887c/images/no-poster-w185-v2.png
105;Joseph Pilato;1949;https://assets.tmdb.org/assets/7f29bd8b3370c71dd379b0e8b570887c/images/no-poster-w185-v2.png
106;Lawrence Bender;1957;https://assets.tmdb.org/assets/7f29bd8b3370c71dd379b0e8b570887c/images/no-poster-w185-v2.png
107;Kathy Griffin;1960;https://assets.tmdb.org/assets/7f29bd8b3370c71dd379b0e8b570887c/images/no-poster-w185-v2.png
108;Roger Avary;1965;https://assets.tmdb.org/assets/7f29bd8b3370c71dd379b0e8b570887c/images/no-poster-w185-v2.png
109;Danny DeVito;1944;https://assets.tmdb.org/assets/7f29bd8b3370c71dd379b0e8b570887c/images/no-poster-w185-v2.png
128;Gabriela Cowperthwaite;1000;https://assets.tmdb.org/assets/7f29bd8b3370c71dd379b0e8b570887c/images/no-poster-w185-v2.png
131;Tom Hanks;1956;https://image.tmdb.org/t/p/w185/xxPMucou2wRDxLrud8i2D4dsywh.jpg
132;Halle Berry;1966;https://assets.tmdb.org/assets/7f29bd8b3370c71dd379b0e8b570887c/images/no-poster-w185-v2.png
133;Jim Broadbent;1949;https://assets.tmdb.org/assets/7f29bd8b3370c71dd379b0e8b570887c/images/no-poster-w185-v2.png
134;Susan Sarandon;1946;https://assets.tmdb.org/assets/7f29bd8b3370c71dd379b0e8b570887c/images/no-poster-w185-v2.png
135;Hugh Grant;1960;https://assets.tmdb.org/assets/7f29bd8b3370c71dd379b0e8b570887c/images/no-poster-w185-v2.png
136;Keith David;1956;https://assets.tmdb.org/assets/7f29bd8b3370c71dd379b0e8b570887c/images/no-poster-w185-v2.png
137;James D'Arcy;1975;https://assets.tmdb.org/assets/7f29bd8b3370c71dd379b0e8b570887c/images/no-poster-w185-v2.png
138;Bae Doona;1979;https://assets.tmdb.org/assets/7f29bd8b3370c71dd379b0e8b570887c/images/no-poster-w185-v2.png
139;Jim Sturgess;1978;https://assets.tmdb.org/assets/7f29bd8b3370c71dd379b0e8b570887c/images/no-poster-w185-v2.png
140;Ben Whishaw;1980;https://assets.tmdb.org/assets/7f29bd8b3370c71dd379b0e8b570887c/images/no-poster-w185-v2.png
141;Zhou Xun;1976;https://assets.tmdb.org/assets/7f29bd8b3370c71dd379b0e8b570887c/images/no-poster-w185-v2.png
142;David Gyasi;1980;https://assets.tmdb.org/assets/7f29bd8b3370c71dd379b0e8b570887c/images/no-poster-w185-v2.png
143;Robert Fyfe;1925;https://assets.tmdb.org/assets/7f29bd8b3370c71dd379b0e8b570887c/images/no-poster-w185-v2.png
144;Martin Wuttke;1962;https://assets.tmdb.org/assets/7f29bd8b3370c71dd379b0e8b570887c/images/no-poster-w185-v2.png
145;Tom Tykwer;1965;https://assets.tmdb.org/assets/7f29bd8b3370c71dd379b0e8b570887c/images/no-poster-w185-v2.png
458;Tim Robbins;1958;https://assets.tmdb.org/assets/7f29bd8b3370c71dd379b0e8b570887c/images/no-poster-w185-v2.png
459;Morgan Freeman;1937;https://assets.tmdb.org/assets/7f29bd8b3370c71dd379b0e8b570887c/images/no-poster-w185-v2.png
460;Bob Gunton;1945;https://assets.tmdb.org/assets/7f29bd8b3370c71dd379b0e8b570887c/images/no-poster-w185-v2.png
461;William Sadler;1950;https://assets.tmdb.org/assets/7f29bd8b3370c71dd379b0e8b570887c/images/no-poster-w185-v2.png
462;Clancy Brown;1959;https://assets.tmdb.org/assets/7f29bd8b3370c71dd379b0e8b570887c/images/no-poster-w185-v2.png
463;Gil Bellows;1967;https://assets.tmdb.org/assets/7f29bd8b3370c71dd379b0e8b570887c/images/no-poster-w185-v2.png
464;Mark Rolston;1956;https://assets.tmdb.org/assets/7f29bd8b3370c71dd379b0e8b570887c/images/no-poster-w185-v2.png
465;James Whitmore;1921;https://assets.tmdb.org/assets/7f29bd8b3370c71dd379b0e8b570887c/images/no-poster-w185-v2.png
466;Frank Darabont;1959;https://image.tmdb.org/t/p/w185/9KVvZtDyy8DXacw2TTsjC9VLxQi.jpg
472;Marlon Brando;1924;https://assets.tmdb.org/assets/7f29bd8b3370c71dd379b0e8b570887c/images/no-poster-w185-v2.png
473;Al Pacino;1940;https://assets.tmdb.org/assets/7f29bd8b3370c71dd379b0e8b570887c/images/no-poster-w185-v2.png
474;James Caan;1940;https://assets.tmdb.org/assets/7f29bd8b3370c71dd379b0e8b570887c/images/no-poster-w185-v2.png
475;Richard S. Castellano;1933;https://assets.tmdb.org/assets/7f29bd8b3370c71dd379b0e8b570887c/images/no-poster-w185-v2.png
476;Robert Duvall;1931;https://assets.tmdb.org/assets/7f29bd8b3370c71dd379b0e8b570887c/images/no-poster-w185-v2.png
477;Sterling Hayden;1916;https://assets.tmdb.org/assets/7f29bd8b3370c71dd379b0e8b570887c/images/no-poster-w185-v2.png
478;Richard Conte;1910;https://assets.tmdb.org/assets/7f29bd8b3370c71dd379b0e8b570887c/images/no-poster-w185-v2.png
479;Al Lettieri;1928;https://assets.tmdb.org/assets/7f29bd8b3370c71dd379b0e8b570887c/images/no-poster-w185-v2.png
480;Diane Keaton;1946;https://assets.tmdb.org/assets/7f29bd8b3370c71dd379b0e8b570887c/images/no-poster-w185-v2.png
481;Abe Vigoda;1921;https://assets.tmdb.org/assets/7f29bd8b3370c71dd379b0e8b570887c/images/no-poster-w185-v2.png
482;Talia Shire;1946;https://assets.tmdb.org/assets/7f29bd8b3370c71dd379b0e8b570887c/images/no-poster-w185-v2.png
483;Gianni Russo;1943;https://assets.tmdb.org/assets/7f29bd8b3370c71dd379b0e8b570887c/images/no-poster-w185-v2.png
484;John Cazale;1935;https://assets.tmdb.org/assets/7f29bd8b3370c71dd379b0e8b570887c/images/no-poster-w185-v2.png
485;John Marley;1907;https://assets.tmdb.org/assets/7f29bd8b3370c71dd379b0e8b570887c/images/no-poster-w185-v2.png
486;Rudy Bond;1912;https://assets.tmdb.org/assets/7f29bd8b3370c71dd379b0e8b570887c/images/no-poster-w185-v2.png
487;Al Martino;1927;https://assets.tmdb.org/assets/7f29bd8b3370c71dd379b0e8b570887c/images/no-poster-w185-v2.png
488;Simonetta Stefanelli;1954;https://assets.tmdb.org/assets/7f29bd8b3370c71dd379b0e8b570887c/images/no-poster-w185-v2.png
489;Alex Rocco;1936;https://assets.tmdb.org/assets/7f29bd8b3370c71dd379b0e8b570887c/images/no-poster-w185-v2.png
490;Sofia Coppola;1971;https://image.tmdb.org/t/p/w185/zG1WS4sS5jvYkObHMxsK6fGK7Uk.jpg
491;Francis Ford Coppola;1939;https://assets.tmdb.org/assets/7f29bd8b3370c71dd379b0e8b570887c/images/no-poster-w185-v2.png
492;Mario Puzo;1920;https://assets.tmdb.org/assets/7f29bd8b3370c71dd379b0e8b570887c/images/no-poster-w185-v2.png
495;Stephen King;1000;https://image.tmdb.org/t/p/w185/qCGKepqazqcurcD39eIiQZHLosz.jpg
497;Robert De Niro;1943;https://assets.tmdb.org/assets/7f29bd8b3370c71dd379b0e8b570887c/images/no-poster-w185-v2.png
498;Lee Strasberg;1901;https://assets.tmdb.org/assets/7f29bd8b3370c71dd379b0e8b570887c/images/no-poster-w185-v2.png
499;Michael V. Gazzo;1923;https://assets.tmdb.org/assets/7f29bd8b3370c71dd379b0e8b570887c/images/no-poster-w185-v2.png
500;G. D. Spradlin;1920;https://assets.tmdb.org/assets/7f29bd8b3370c71dd379b0e8b570887c/images/no-poster-w185-v2.png
501;Richard Bright;1937;https://assets.tmdb.org/assets/7f29bd8b3370c71dd379b0e8b570887c/images/no-poster-w185-v2.png
502;Gastone Moschin;1929;https://assets.tmdb.org/assets/7f29bd8b3370c71dd379b0e8b570887c/images/no-poster-w185-v2.png
503;Bruno Kirby;1949;https://assets.tmdb.org/assets/7f29bd8b3370c71dd379b0e8b570887c/images/no-poster-w185-v2.png
504;Frank Sivero;1952;https://assets.tmdb.org/assets/7f29bd8b3370c71dd379b0e8b570887c/images/no-poster-w185-v2.png
505;Marianna Hill;1941;https://assets.tmdb.org/assets/7f29bd8b3370c71dd379b0e8b570887c/images/no-poster-w185-v2.png
506;Dominic Chianese;1931;https://assets.tmdb.org/assets/7f29bd8b3370c71dd379b0e8b570887c/images/no-poster-w185-v2.png
507;Fay Spain;1932;https://assets.tmdb.org/assets/7f29bd8b3370c71dd379b0e8b570887c/images/no-poster-w185-v2.png
508;Harry Dean Stanton;1926;https://image.tmdb.org/t/p/w185/nDSav6v9Z8dSJSXoooT2g0LjbCd.jpg
509;Danny Aiello;1933;https://image.tmdb.org/t/p/w185/UvPalkz4ynJJrTcrbpfD05gVoO.jpg
510;Roger Corman;1926;https://image.tmdb.org/t/p/w185/gCfEvxl7jTv2dBo8HvwWVMi3auz.jpg
516;Drew Maxwell;1000;https://assets.tmdb.org/assets/7f29bd8b3370c71dd379b0e8b570887c/images/no-poster-w185-v2.png
518;Eli Wallach;1915;https://assets.tmdb.org/assets/7f29bd8b3370c71dd379b0e8b570887c/images/no-poster-w185-v2.png
519;Clint Eastwood;1930;https://assets.tmdb.org/assets/7f29bd8b3370c71dd379b0e8b570887c/images/no-poster-w185-v2.png
520;Lee Van Cleef;1925;https://assets.tmdb.org/assets/7f29bd8b3370c71dd379b0e8b570887c/images/no-poster-w185-v2.png
521;Aldo Giuffrè;1924;https://assets.tmdb.org/assets/7f29bd8b3370c71dd379b0e8b570887c/images/no-poster-w185-v2.png
522;Aldo Sambrell;1931;https://assets.tmdb.org/assets/7f29bd8b3370c71dd379b0e8b570887c/images/no-poster-w185-v2.png
523;Mario Brega;1923;https://assets.tmdb.org/assets/7f29bd8b3370c71dd379b0e8b570887c/images/no-poster-w185-v2.png
524;Sergio Leone;1929;https://assets.tmdb.org/assets/7f29bd8b3370c71dd379b0e8b570887c/images/no-poster-w185-v2.png
525;Luciano Vincenzoni;1000;https://assets.tmdb.org/assets/7f29bd8b3370c71dd379b0e8b570887c/images/no-poster-w185-v2.png
533;Heath Ledger;1979;https://assets.tmdb.org/assets/7f29bd8b3370c71dd379b0e8b570887c/images/no-poster-w185-v2.png
534;Maggie Gyllenhaal;1977;https://assets.tmdb.org/assets/7f29bd8b3370c71dd379b0e8b570887c/images/no-poster-w185-v2.png
535;Aaron Eckhart;1968;https://assets.tmdb.org/assets/7f29bd8b3370c71dd379b0e8b570887c/images/no-poster-w185-v2.png
536;Gary Oldman;1958;https://image.tmdb.org/t/p/w185/kCWUeBkZ2sf8LObSpUFgRngawQb.jpg
537;Michael Caine;1933;https://assets.tmdb.org/assets/7f29bd8b3370c71dd379b0e8b570887c/images/no-poster-w185-v2.png
538;Cillian Murphy;1976;https://assets.tmdb.org/assets/7f29bd8b3370c71dd379b0e8b570887c/images/no-poster-w185-v2.png
539;Christian Bale;1974;https://assets.tmdb.org/assets/7f29bd8b3370c71dd379b0e8b570887c/images/no-poster-w185-v2.png
540;Anthony Michael Hall;1968;https://assets.tmdb.org/assets/7f29bd8b3370c71dd379b0e8b570887c/images/no-poster-w185-v2.png
541;Nestor Carbonell;1967;https://assets.tmdb.org/assets/7f29bd8b3370c71dd379b0e8b570887c/images/no-poster-w185-v2.png
542;William Fichtner;1956;https://assets.tmdb.org/assets/7f29bd8b3370c71dd379b0e8b570887c/images/no-poster-w185-v2.png
543;Chin Han;1969;https://assets.tmdb.org/assets/7f29bd8b3370c71dd379b0e8b570887c/images/no-poster-w185-v2.png
544;Eric Roberts;1956;https://assets.tmdb.org/assets/7f29bd8b3370c71dd379b0e8b570887c/images/no-poster-w185-v2.png
545;Melinda McGraw;1963;https://assets.tmdb.org/assets/7f29bd8b3370c71dd379b0e8b570887c/images/no-poster-w185-v2.png
546;Ritchie Coster;1967;https://assets.tmdb.org/assets/7f29bd8b3370c71dd379b0e8b570887c/images/no-poster-w185-v2.png
547;Keith Szarabajka;1952;https://assets.tmdb.org/assets/7f29bd8b3370c71dd379b0e8b570887c/images/no-poster-w185-v2.png
548;Colin McFarlane;1961;https://assets.tmdb.org/assets/7f29bd8b3370c71dd379b0e8b570887c/images/no-poster-w185-v2.png
549;Christopher Nolan;1970;https://assets.tmdb.org/assets/7f29bd8b3370c71dd379b0e8b570887c/images/no-poster-w185-v2.png
550;Jonathan Nolan;1976;https://assets.tmdb.org/assets/7f29bd8b3370c71dd379b0e8b570887c/images/no-poster-w185-v2.png
551;David S. Goyer;1965;https://assets.tmdb.org/assets/7f29bd8b3370c71dd379b0e8b570887c/images/no-poster-w185-v2.png
565;Anne Hathaway;1982;https://image.tmdb.org/t/p/w185/jUMOKwSUBnTcMeN1HfhutiY49Ad.jpg
566;Tom Hardy;1977;https://image.tmdb.org/t/p/w185/5HZSvW12xIWqdxasIL92pIiTSkY.jpg
567;Joseph Gordon-Levitt;1981;https://assets.tmdb.org/assets/7f29bd8b3370c71dd379b0e8b570887c/images/no-poster-w185-v2.png
568;Juno Temple;1989;https://assets.tmdb.org/assets/7f29bd8b3370c71dd379b0e8b570887c/images/no-poster-w185-v2.png
569;Marion Cotillard;1975;https://assets.tmdb.org/assets/7f29bd8b3370c71dd379b0e8b570887c/images/no-poster-w185-v2.png
570;Josh Pence;1982;https://assets.tmdb.org/assets/7f29bd8b3370c71dd379b0e8b570887c/images/no-poster-w185-v2.png
571;Vincent van Ommen;1982;https://assets.tmdb.org/assets/7f29bd8b3370c71dd379b0e8b570887c/images/no-poster-w185-v2.png
572;Tom Conti;1941;https://assets.tmdb.org/assets/7f29bd8b3370c71dd379b0e8b570887c/images/no-poster-w185-v2.png
573;Matthew Modine;1959;https://image.tmdb.org/t/p/w185/tEQG1Us5IuoKYtufZe6waWtxfeg.jpg
574;Joey King;1999;https://assets.tmdb.org/assets/7f29bd8b3370c71dd379b0e8b570887c/images/no-poster-w185-v2.png
575;Alon Aboutboul;1965;https://assets.tmdb.org/assets/7f29bd8b3370c71dd379b0e8b570887c/images/no-poster-w185-v2.png
576;Liam Neeson;1952;https://image.tmdb.org/t/p/w185/oxCCVmDSxWcqIyMknRoOAZkvb6D.jpg
577;Warren Brown;1978;https://assets.tmdb.org/assets/7f29bd8b3370c71dd379b0e8b570887c/images/no-poster-w185-v2.png
578;Ben Mendelsohn;1969;https://assets.tmdb.org/assets/7f29bd8b3370c71dd379b0e8b570887c/images/no-poster-w185-v2.png
579;Daniel Sunjata;1971;https://assets.tmdb.org/assets/7f29bd8b3370c71dd379b0e8b570887c/images/no-poster-w185-v2.png
580;Aiden Gillen;1968;https://assets.tmdb.org/assets/7f29bd8b3370c71dd379b0e8b570887c/images/no-poster-w185-v2.png
599;Ben Kingsley;1943;https://assets.tmdb.org/assets/7f29bd8b3370c71dd379b0e8b570887c/images/no-poster-w185-v2.png
600;Ralph Fiennes;1962;https://assets.tmdb.org/assets/7f29bd8b3370c71dd379b0e8b570887c/images/no-poster-w185-v2.png
601;Caroline Goodall;1959;https://assets.tmdb.org/assets/7f29bd8b3370c71dd379b0e8b570887c/images/no-poster-w185-v2.png
602;Embeth Davidtz;1965;https://assets.tmdb.org/assets/7f29bd8b3370c71dd379b0e8b570887c/images/no-poster-w185-v2.png
603;Andrzej Seweryn;1946;https://assets.tmdb.org/assets/7f29bd8b3370c71dd379b0e8b570887c/images/no-poster-w185-v2.png
604;Friedrich von Thun;1942;https://assets.tmdb.org/assets/7f29bd8b3370c71dd379b0e8b570887c/images/no-poster-w185-v2.png
605;Krzysztof Luft;1958;https://assets.tmdb.org/assets/7f29bd8b3370c71dd379b0e8b570887c/images/no-poster-w185-v2.png
606;Michael Gordon;1909;https://assets.tmdb.org/assets/7f29bd8b3370c71dd379b0e8b570887c/images/no-poster-w185-v2.png
607;Steven Spielberg;1946;https://image.tmdb.org/t/p/w185/pOK15UNaw75Bzj7BQO1ulehbPPm.jpg
608;Steven Zaillian;1953;https://assets.tmdb.org/assets/7f29bd8b3370c71dd379b0e8b570887c/images/no-poster-w185-v2.png
609;Gerald R. Molen;1935;https://assets.tmdb.org/assets/7f29bd8b3370c71dd379b0e8b570887c/images/no-poster-w185-v2.png
616;Henry Fonda;1905;https://assets.tmdb.org/assets/7f29bd8b3370c71dd379b0e8b570887c/images/no-poster-w185-v2.png
617;Lee J. Cobb;1911;https://assets.tmdb.org/assets/7f29bd8b3370c71dd379b0e8b570887c/images/no-poster-w185-v2.png
618;Ed Begley;1901;https://assets.tmdb.org/assets/7f29bd8b3370c71dd379b0e8b570887c/images/no-poster-w185-v2.png
619;E. G. Marshall;1914;https://assets.tmdb.org/assets/7f29bd8b3370c71dd379b0e8b570887c/images/no-poster-w185-v2.png
620;Jack Warden;1920;https://assets.tmdb.org/assets/7f29bd8b3370c71dd379b0e8b570887c/images/no-poster-w185-v2.png
621;Martin Balsam;1919;https://assets.tmdb.org/assets/7f29bd8b3370c71dd379b0e8b570887c/images/no-poster-w185-v2.png
622;John Fiedler;1925;https://assets.tmdb.org/assets/7f29bd8b3370c71dd379b0e8b570887c/images/no-poster-w185-v2.png
623;Jack Klugman;1922;https://assets.tmdb.org/assets/7f29bd8b3370c71dd379b0e8b570887c/images/no-poster-w185-v2.png
624;Edward Binns;1916;https://assets.tmdb.org/assets/7f29bd8b3370c71dd379b0e8b570887c/images/no-poster-w185-v2.png
625;George Voskovec;1905;https://assets.tmdb.org/assets/7f29bd8b3370c71dd379b0e8b570887c/images/no-poster-w185-v2.png
626;Robert Webber;1924;https://assets.tmdb.org/assets/7f29bd8b3370c71dd379b0e8b570887c/images/no-poster-w185-v2.png
627;Sidney Lumet;1924;https://assets.tmdb.org/assets/7f29bd8b3370c71dd379b0e8b570887c/images/no-poster-w185-v2.png
628;Reginald Rose;1000;https://assets.tmdb.org/assets/7f29bd8b3370c71dd379b0e8b570887c/images/no-poster-w185-v2.png
642;Elijah Wood;1981;https://image.tmdb.org/t/p/w185/c4fB3WAS7jN78rihw2kB81v6sez.jpg
643;Ian McKellen;1939;https://image.tmdb.org/t/p/w185/c51mP46oPgAgFf7bFWVHlScZynM.jpg
644;Viggo Mortensen;1958;https://image.tmdb.org/t/p/w185/hKMk7FsqzBDkQt72fOAOLePZEko.jpg
645;Liv Tyler;1977;https://image.tmdb.org/t/p/w185/lD2YnrKdnRUvFDMSiK2pw13ZMIB.jpg
646;Orlando Bloom;1977;https://image.tmdb.org/t/p/w185/vq90ECKinICxJYYZpbga4pMwch.jpg
647;John Rhys-Davies;1944;https://image.tmdb.org/t/p/w185/zZ67PuoFfik9QlZyfaEsFBC1yVJ.jpg
648;Sean Astin;1971;https://image.tmdb.org/t/p/w185/ezv9hRbgrR6Uuz4xWqX22cpiRXJ.jpg
649;Billy Boyd;1968;https://image.tmdb.org/t/p/w185/vNhUoHhBqyjDVuc0nxJHanTKA2E.jpg
650;Dominic Monaghan;1976;https://image.tmdb.org/t/p/w185/sXkqoK3v1nfCudXIcxKVwDc0imw.jpg
651;Bernard Hill;1944;https://image.tmdb.org/t/p/w185/vnepbY1BOJ2AX20bkngAT7ehJP.jpg
652;Andy Serkis;1964;https://image.tmdb.org/t/p/w185/nQRsxFveJaUIlZ4GYWDe9uJ6u2f.jpg
653;Miranda Otto;1967;https://image.tmdb.org/t/p/w185/l3BzUjJMK3JbqvCiCIFP4beMChS.jpg
654;David Wenham;1965;https://image.tmdb.org/t/p/w185/hOG5mAd5pzT30V6adkwkpe87HY7.jpg
655;Karl Urban;1972;https://image.tmdb.org/t/p/w185/tHYOUO33K7iaDw8nXyqRvDIkVuM.jpg
656;John Noble;1948;https://image.tmdb.org/t/p/w185/4A2mSS9Bea5I2bNur8ZlQZXu0H9.jpg
657;Ian Holm;1931;https://image.tmdb.org/t/p/w185/uq6Wx7PaLgaw969avH7tLHnSb0Q.jpg
658;Cate Blanchett;1969;https://image.tmdb.org/t/p/w185/X3CMrI6lkzLdS5ZQqQWeRJkAGU.jpg
659;Lawrence Makoare;1968;https://image.tmdb.org/t/p/w185/yVHInaWXU4ynUnNE3qa59hvsFAJ.jpg
660;Paul Norell;1952;https://image.tmdb.org/t/p/w185/dLjsu7vVkgXLLQ8QfqRb6iDRxvH.jpg
661;Sarah McLeod;1971;https://image.tmdb.org/t/p/w185/8BFVSAmPX0sjyqelYCtJktF0Vk6.jpg
662;Sean Bean;1959;https://image.tmdb.org/t/p/w185/vWQjx4ESW7T3iKjIbZfi933yI1g.jpg
663;Marton Csokas;1966;https://image.tmdb.org/t/p/w185/y3I1CjTRIqVJnz3HlrnVBDcwWhN.jpg
664;Peter Jackson;1961;https://image.tmdb.org/t/p/w185/hTUqZAjH7SHXb0EXEA1I9EoJFnF.jpg
665;Bob Weinstein;1954;https://assets.tmdb.org/assets/7f29bd8b3370c71dd379b0e8b570887c/images/no-poster-w185-v2.png
666;Harvey Weinstein;1952;https://assets.tmdb.org/assets/7f29bd8b3370c71dd379b0e8b570887c/images/no-poster-w185-v2.png
667;Fran Walsh;1959;https://assets.tmdb.org/assets/7f29bd8b3370c71dd379b0e8b570887c/images/no-poster-w185-v2.png
668;Philippa Boyens;1000;https://assets.tmdb.org/assets/7f29bd8b3370c71dd379b0e8b570887c/images/no-poster-w185-v2.png
682;Edward Norton;1969;https://assets.tmdb.org/assets/7f29bd8b3370c71dd379b0e8b570887c/images/no-poster-w185-v2.png
683;Brad Pitt;1963;https://assets.tmdb.org/assets/7f29bd8b3370c71dd379b0e8b570887c/images/no-poster-w185-v2.png
684;Helena Bonham Carter;1966;https://image.tmdb.org/t/p/w185/y09R1VSKmjO43PLocRMZQ9vJihh.jpg
685;Meat Loaf;1947;https://assets.tmdb.org/assets/7f29bd8b3370c71dd379b0e8b570887c/images/no-poster-w185-v2.png
686;Jared Leto;1971;https://assets.tmdb.org/assets/7f29bd8b3370c71dd379b0e8b570887c/images/no-poster-w185-v2.png
687;Zach Grenier;1954;https://assets.tmdb.org/assets/7f29bd8b3370c71dd379b0e8b570887c/images/no-poster-w185-v2.png
688;Holt McCallany;1964;https://assets.tmdb.org/assets/7f29bd8b3370c71dd379b0e8b570887c/images/no-poster-w185-v2.png
689;Eion Bailey;1976;https://assets.tmdb.org/assets/7f29bd8b3370c71dd379b0e8b570887c/images/no-poster-w185-v2.png
690;David Fincher;1962;https://assets.tmdb.org/assets/7f29bd8b3370c71dd379b0e8b570887c/images/no-poster-w185-v2.png
699;Christopher Lee;1922;https://image.tmdb.org/t/p/w185/7YwjaHLmuy1isK6oh3TnBDd6Oml.jpg
700;Craig Parker;1970;https://image.tmdb.org/t/p/w185/amJPcZnpWIABjbaN5FzW5vvTIEk.jpg
711;Mark Hamill;1951;https://image.tmdb.org/t/p/w185/klQrOckrIuUluOEp7g0osOfTgWI.jpg
712;Harrison Ford;1942;https://image.tmdb.org/t/p/w185/7CcoVFTogQgex2kJkXKMe8qHZrC.jpg
713;Carrie Fisher;1956;https://image.tmdb.org/t/p/w185/1Kpvl1B7SRrdLKjqDfT6kb7nyRB.jpg
714;David Prowse;1935;https://image.tmdb.org/t/p/w185/a2RoHYMSiRqV6hXL6Z5CXtNyDkt.jpg
715;Billy Dee Williams;1937;https://image.tmdb.org/t/p/w185/kkAotKJL1s3Kvh9bRNELDfAOZHs.jpg
716;Anthony Daniels;1946;https://image.tmdb.org/t/p/w185/cljvryjb3VwTsNR7fjQKjNPMaBB.jpg
717;Peter Mayhew;1944;https://image.tmdb.org/t/p/w185/hAavH3DKfzia7b3CTFkHd8HLgCz.jpg
718;James Earl Jones;1931;https://image.tmdb.org/t/p/w185/pxC7jiRTHArPldgkqSneXRsrRJ9.jpg
719;Kenny Baker;1934;https://image.tmdb.org/t/p/w185/wnTrBdbJr23GWApnmARg0F7Gpja.jpg
720;Frank Oz;1944;https://image.tmdb.org/t/p/w185/9KqCa2wS4EO2yymrVIgMiFHh6M4.jpg
721;Alec Guinness;1914;https://image.tmdb.org/t/p/w185/nv3ppxgUQJytFGXZNde4f9ZlshB.jpg
722;Julian Glover;1935;https://assets.tmdb.org/assets/7f29bd8b3370c71dd379b0e8b570887c/images/no-poster-w185-v2.png
723;John Ratzenberger;1947;https://assets.tmdb.org/assets/7f29bd8b3370c71dd379b0e8b570887c/images/no-poster-w185-v2.png
724;Irvin Kershner;1923;https://assets.tmdb.org/assets/7f29bd8b3370c71dd379b0e8b570887c/images/no-poster-w185-v2.png
725;Gary Kurtz;1940;https://image.tmdb.org/t/p/w185/qMuYGnSQn4V5PSfEpEjLCOeWPM0.jpg
726;Leigh Brackett;1000;https://assets.tmdb.org/assets/7f29bd8b3370c71dd379b0e8b570887c/images/no-poster-w185-v2.png
727;Lawrence Kasdan;1949;https://assets.tmdb.org/assets/7f29bd8b3370c71dd379b0e8b570887c/images/no-poster-w185-v2.png
728;George Lucas;1944;https://image.tmdb.org/t/p/w185/rJ1zvSeZfge0mHtLnzJn4Mkw18S.jpg
738;Leonardo DiCaprio;1974;https://assets.tmdb.org/assets/7f29bd8b3370c71dd379b0e8b570887c/images/no-poster-w185-v2.png
739;Ken Watanabe;1959;https://assets.tmdb.org/assets/7f29bd8b3370c71dd379b0e8b570887c/images/no-poster-w185-v2.png
740;Ellen Page;1987;https://assets.tmdb.org/assets/7f29bd8b3370c71dd379b0e8b570887c/images/no-poster-w185-v2.png
741;Tom Berenger;1949;https://assets.tmdb.org/assets/7f29bd8b3370c71dd379b0e8b570887c/images/no-poster-w185-v2.png
742;Lukas Haas;1976;https://assets.tmdb.org/assets/7f29bd8b3370c71dd379b0e8b570887c/images/no-poster-w185-v2.png
743;Dileep Rao;1973;https://image.tmdb.org/t/p/w185/f9xQkvWw5guOePcCxkso1i09w12.jpg
744;Pete Postlethwaite;1945;https://assets.tmdb.org/assets/7f29bd8b3370c71dd379b0e8b570887c/images/no-poster-w185-v2.png
745;Talulah Riley;1985;https://assets.tmdb.org/assets/7f29bd8b3370c71dd379b0e8b570887c/images/no-poster-w185-v2.png
751;Jack Nicholson;1937;https://assets.tmdb.org/assets/7f29bd8b3370c71dd379b0e8b570887c/images/no-poster-w185-v2.png
752;Louise Fletcher;1934;https://assets.tmdb.org/assets/7f29bd8b3370c71dd379b0e8b570887c/images/no-poster-w185-v2.png
753;William Redfield;1927;https://assets.tmdb.org/assets/7f29bd8b3370c71dd379b0e8b570887c/images/no-poster-w185-v2.png
754;Scatman Crothers;1910;https://assets.tmdb.org/assets/7f29bd8b3370c71dd379b0e8b570887c/images/no-poster-w185-v2.png
755;Brad Dourif;1950;https://image.tmdb.org/t/p/w185/6pqeGxtWEdDjYsnQfUkmzXLlDvs.jpg
756;Christopher Lloyd;1938;https://image.tmdb.org/t/p/w185/iQzG9apaIsHnn7iGrer3YEDp8Zo.jpg
757;Will Sampson;1933;https://assets.tmdb.org/assets/7f29bd8b3370c71dd379b0e8b570887c/images/no-poster-w185-v2.png
758;Michael Berryman;1948;https://assets.tmdb.org/assets/7f29bd8b3370c71dd379b0e8b570887c/images/no-poster-w185-v2.png
759;William Duell;1923;https://assets.tmdb.org/assets/7f29bd8b3370c71dd379b0e8b570887c/images/no-poster-w185-v2.png
760;Vincent Schiavelli;1948;https://assets.tmdb.org/assets/7f29bd8b3370c71dd379b0e8b570887c/images/no-poster-w185-v2.png
761;Miloš Forman;1932;https://assets.tmdb.org/assets/7f29bd8b3370c71dd379b0e8b570887c/images/no-poster-w185-v2.png
762;Bo Goldman;1000;https://assets.tmdb.org/assets/7f29bd8b3370c71dd379b0e8b570887c/images/no-poster-w185-v2.png
763;Lawrence Hauben;1000;https://assets.tmdb.org/assets/7f29bd8b3370c71dd379b0e8b570887c/images/no-poster-w185-v2.png
764;Michael Douglas;1944;https://assets.tmdb.org/assets/7f29bd8b3370c71dd379b0e8b570887c/images/no-poster-w185-v2.png
771;Robin Wright;1966;https://image.tmdb.org/t/p/w185/cke0NNZP4lHRtOethRy2XGSOp3E.jpg
772;Gary Sinise;1955;https://image.tmdb.org/t/p/w185/n5AbjoNfONICaggp2f1QhYAjAoZ.jpg
773;Mykelti Williamson;1960;https://image.tmdb.org/t/p/w185/8TTxzpuvvpw2tB8xZBCDslYupNU.jpg
774;Sally Field;1946;https://image.tmdb.org/t/p/w185/ymhpsxujOO3a9qaGYSpkenCt9Le.jpg
775;Haley Joel Osment;1988;https://image.tmdb.org/t/p/w185/znbiMgFoGnY3NMANOa8u13wJqFm.jpg
776;Robert Zemeckis;1951;https://image.tmdb.org/t/p/w185/jJpbvGw4xTC8lWMqNYpLVCMMVV.jpg
777;Winston Groom;1000;https://assets.tmdb.org/assets/7f29bd8b3370c71dd379b0e8b570887c/images/no-poster-w185-v2.png
778;Eric Roth;1945;https://assets.tmdb.org/assets/7f29bd8b3370c71dd379b0e8b570887c/images/no-poster-w185-v2.png
782;Ray Liotta;1954;https://assets.tmdb.org/assets/7f29bd8b3370c71dd379b0e8b570887c/images/no-poster-w185-v2.png
783;Joe Pesci;1943;https://assets.tmdb.org/assets/7f29bd8b3370c71dd379b0e8b570887c/images/no-poster-w185-v2.png
784;Lorraine Bracco;1954;https://assets.tmdb.org/assets/7f29bd8b3370c71dd379b0e8b570887c/images/no-poster-w185-v2.png
785;Tony Darrow;1938;https://assets.tmdb.org/assets/7f29bd8b3370c71dd379b0e8b570887c/images/no-poster-w185-v2.png
786;Mike Starr;1950;https://assets.tmdb.org/assets/7f29bd8b3370c71dd379b0e8b570887c/images/no-poster-w185-v2.png
787;Frank Vincent;1939;https://assets.tmdb.org/assets/7f29bd8b3370c71dd379b0e8b570887c/images/no-poster-w185-v2.png
788;Debi Mazar;1964;https://assets.tmdb.org/assets/7f29bd8b3370c71dd379b0e8b570887c/images/no-poster-w185-v2.png
789;Michael Imperioli;1966;https://assets.tmdb.org/assets/7f29bd8b3370c71dd379b0e8b570887c/images/no-poster-w185-v2.png
790;Paul Sorvino;1939;https://assets.tmdb.org/assets/7f29bd8b3370c71dd379b0e8b570887c/images/no-poster-w185-v2.png
791;Martin Scorsese;1942;https://assets.tmdb.org/assets/7f29bd8b3370c71dd379b0e8b570887c/images/no-poster-w185-v2.png
792;Nicholas Pileggi;1933;https://assets.tmdb.org/assets/7f29bd8b3370c71dd379b0e8b570887c/images/no-poster-w185-v2.png
793;Irwin Winkler;1931;https://assets.tmdb.org/assets/7f29bd8b3370c71dd379b0e8b570887c/images/no-poster-w185-v2.png
798;Olivia Tennet;1991;https://image.tmdb.org/t/p/w185/hv8zCPSiju8YpVXXjv17osV2pV7.jpg
806;Peter Cushing;1913;https://image.tmdb.org/t/p/w185/iFE9Xi5B0eZcNFqvCx78UUzmUfI.jpg
807;Phil Brown;1916;https://image.tmdb.org/t/p/w185/exkyN66HiZWJDmpcOza2hWoswOo.jpg
808;Shelagh Fraser;1920;https://image.tmdb.org/t/p/w185/xNfiibBvknHztEnL0g7dcdrxOKq.jpg
809;Roger Lloyd-Pack;1944;https://assets.tmdb.org/assets/7f29bd8b3370c71dd379b0e8b570887c/images/no-poster-w185-v2.png
810;William Hootkins;1948;https://image.tmdb.org/t/p/w185/lGPSg64fsqbWS5PUFKsUKLNOqsx.jpg
811;Malcolm Tierney;1938;https://image.tmdb.org/t/p/w185/fe7Cz6sxTLt9qSQANRpAAaYcPlV.jpg
812;Eddie Byrne;1911;https://image.tmdb.org/t/p/w185/mSwNawI6Ou8m99Y05WjctoTWYUK.jpg
813;Denis Lawson;1947;https://image.tmdb.org/t/p/w185/78Yl1gcn5TpS6WsZ1tjwdX8j7Vd.jpg
814;Garrick Hagon;1939;https://image.tmdb.org/t/p/w185/lZYitsCPzlwevNuHzqaSZMQiuUa.jpg
815;Joe Johnston;1950;https://image.tmdb.org/t/p/w185/dBLdJJo551G2WH0TPv6ze0FC1ei.jpg
907;Chuck Palahniuk;1000;https://assets.tmdb.org/assets/7f29bd8b3370c71dd379b0e8b570887c/images/no-poster-w185-v2.png
1073;Amber Heard;1986;https://assets.tmdb.org/assets/7f29bd8b3370c71dd379b0e8b570887c/images/no-poster-w185-v2.png
1074;Kevin Costner;1955;https://assets.tmdb.org/assets/7f29bd8b3370c71dd379b0e8b570887c/images/no-poster-w185-v2.png
1075;Hailee Steinfeld;1996;https://assets.tmdb.org/assets/7f29bd8b3370c71dd379b0e8b570887c/images/no-poster-w185-v2.png
1076;Connie Nielsen;1965;https://assets.tmdb.org/assets/7f29bd8b3370c71dd379b0e8b570887c/images/no-poster-w185-v2.png
1077;Joseph McGinty Nichol;1968;https://assets.tmdb.org/assets/7f29bd8b3370c71dd379b0e8b570887c/images/no-poster-w185-v2.png
1094;Luc Besson;1959;https://image.tmdb.org/t/p/w185/2TzRsqSx0xb1DK3HsEQKSXhRGcu.jpg
1095;Adi Hasak;1000;https://assets.tmdb.org/assets/7f29bd8b3370c71dd379b0e8b570887c/images/no-poster-w185-v2.png
1098;Eva Green;1980;https://assets.tmdb.org/assets/7f29bd8b3370c71dd379b0e8b570887c/images/no-poster-w185-v2.png
1099;Lena Headey;1973;https://assets.tmdb.org/assets/7f29bd8b3370c71dd379b0e8b570887c/images/no-poster-w185-v2.png
1100;Callan Mulvey;1975;https://assets.tmdb.org/assets/7f29bd8b3370c71dd379b0e8b570887c/images/no-poster-w185-v2.png
1101;Rodrigo Santoro;1975;https://assets.tmdb.org/assets/7f29bd8b3370c71dd379b0e8b570887c/images/no-poster-w185-v2.png
1102;Jack O'Connell;1990;https://assets.tmdb.org/assets/7f29bd8b3370c71dd379b0e8b570887c/images/no-poster-w185-v2.png
1103;Andrew Tiernan;1965;https://assets.tmdb.org/assets/7f29bd8b3370c71dd379b0e8b570887c/images/no-poster-w185-v2.png
1104;Andrew Pleavin;1968;https://assets.tmdb.org/assets/7f29bd8b3370c71dd379b0e8b570887c/images/no-poster-w185-v2.png
1105;Hans Matheson;1975;https://assets.tmdb.org/assets/7f29bd8b3370c71dd379b0e8b570887c/images/no-poster-w185-v2.png
1106;Zach Snyder;1000;https://assets.tmdb.org/assets/7f29bd8b3370c71dd379b0e8b570887c/images/no-poster-w185-v2.png
1107;Noam Murro;1000;https://assets.tmdb.org/assets/7f29bd8b3370c71dd379b0e8b570887c/images/no-poster-w185-v2.png
1108;Kurt Johnstad;1000;https://assets.tmdb.org/assets/7f29bd8b3370c71dd379b0e8b570887c/images/no-poster-w185-v2.png
1119;Bradley Cooper;1975;https://assets.tmdb.org/assets/7f29bd8b3370c71dd379b0e8b570887c/images/no-poster-w185-v2.png
1120;Amy Adams;1974;https://assets.tmdb.org/assets/7f29bd8b3370c71dd379b0e8b570887c/images/no-poster-w185-v2.png
1121;Jeremy Renner;1971;https://assets.tmdb.org/assets/7f29bd8b3370c71dd379b0e8b570887c/images/no-poster-w185-v2.png
1122;Jennifer Lawrence;1990;https://assets.tmdb.org/assets/7f29bd8b3370c71dd379b0e8b570887c/images/no-poster-w185-v2.png
1123;Louis C.K.;1967;https://assets.tmdb.org/assets/7f29bd8b3370c71dd379b0e8b570887c/images/no-poster-w185-v2.png
1124;Jack Huston;1982;https://assets.tmdb.org/assets/7f29bd8b3370c71dd379b0e8b570887c/images/no-poster-w185-v2.png
1125;Michael Peña;1976;https://assets.tmdb.org/assets/7f29bd8b3370c71dd379b0e8b570887c/images/no-poster-w185-v2.png
1126;Alessandro Nivola;1972;https://assets.tmdb.org/assets/7f29bd8b3370c71dd379b0e8b570887c/images/no-poster-w185-v2.png
1127;Elisabeth Röhm;1973;https://assets.tmdb.org/assets/7f29bd8b3370c71dd379b0e8b570887c/images/no-poster-w185-v2.png
1128;Dawn Olivieri;1981;https://assets.tmdb.org/assets/7f29bd8b3370c71dd379b0e8b570887c/images/no-poster-w185-v2.png
1129;Erica McDermott;1973;https://assets.tmdb.org/assets/7f29bd8b3370c71dd379b0e8b570887c/images/no-poster-w185-v2.png
1130;Colleen Camp;1953;https://assets.tmdb.org/assets/7f29bd8b3370c71dd379b0e8b570887c/images/no-poster-w185-v2.png
1131;Shea Whigham;1969;https://assets.tmdb.org/assets/7f29bd8b3370c71dd379b0e8b570887c/images/no-poster-w185-v2.png
1132;Saïd Taghmaoui;1973;https://assets.tmdb.org/assets/7f29bd8b3370c71dd379b0e8b570887c/images/no-poster-w185-v2.png
1133;David O. Russell;1958;https://assets.tmdb.org/assets/7f29bd8b3370c71dd379b0e8b570887c/images/no-poster-w185-v2.png
1134;Eric Singer;1000;https://assets.tmdb.org/assets/7f29bd8b3370c71dd379b0e8b570887c/images/no-poster-w185-v2.png
1242;Kristen Bell;1980;https://assets.tmdb.org/assets/7f29bd8b3370c71dd379b0e8b570887c/images/no-poster-w185-v2.png
1243;Idina Menzel;1971;https://assets.tmdb.org/assets/7f29bd8b3370c71dd379b0e8b570887c/images/no-poster-w185-v2.png
1244;Josh Gad;1981;https://assets.tmdb.org/assets/7f29bd8b3370c71dd379b0e8b570887c/images/no-poster-w185-v2.png
1245;Alan Tudyk;1971;https://assets.tmdb.org/assets/7f29bd8b3370c71dd379b0e8b570887c/images/no-poster-w185-v2.png
1246;Ciarán Hinds;1953;https://assets.tmdb.org/assets/7f29bd8b3370c71dd379b0e8b570887c/images/no-poster-w185-v2.png
1247;Christopher Williams;1967;https://assets.tmdb.org/assets/7f29bd8b3370c71dd379b0e8b570887c/images/no-poster-w185-v2.png
1248;Stephen J. Anderson;1970;https://assets.tmdb.org/assets/7f29bd8b3370c71dd379b0e8b570887c/images/no-poster-w185-v2.png
1249;Edie McClurg;1951;https://assets.tmdb.org/assets/7f29bd8b3370c71dd379b0e8b570887c/images/no-poster-w185-v2.png
1250;Robert Pine;1941;https://image.tmdb.org/t/p/w185/dZTRdcp57vdnCtxIp8vNYR6pOtp.jpg
1251;Maurice LaMarche;1958;https://assets.tmdb.org/assets/7f29bd8b3370c71dd379b0e8b570887c/images/no-poster-w185-v2.png
1252;Chris Buck;1000;https://assets.tmdb.org/assets/7f29bd8b3370c71dd379b0e8b570887c/images/no-poster-w185-v2.png
1253;John Lasseter;1957;https://assets.tmdb.org/assets/7f29bd8b3370c71dd379b0e8b570887c/images/no-poster-w185-v2.png
1254;Jennifer Lee;1000;https://assets.tmdb.org/assets/7f29bd8b3370c71dd379b0e8b570887c/images/no-poster-w185-v2.png
1255;Shane Morris;1000;https://assets.tmdb.org/assets/7f29bd8b3370c71dd379b0e8b570887c/images/no-poster-w185-v2.png
1294;Sandra Bullock;1964;https://assets.tmdb.org/assets/7f29bd8b3370c71dd379b0e8b570887c/images/no-poster-w185-v2.png
1295;George Clooney;1961;https://assets.tmdb.org/assets/7f29bd8b3370c71dd379b0e8b570887c/images/no-poster-w185-v2.png
1296;Ed Harris;1950;https://image.tmdb.org/t/p/w185/a9ITc3shCAWjV4qKf3rgR0Opu3y.jpg
1297;Alfonso Cuarón;1961;https://assets.tmdb.org/assets/7f29bd8b3370c71dd379b0e8b570887c/images/no-poster-w185-v2.png
1298;David Heyman;1961;https://assets.tmdb.org/assets/7f29bd8b3370c71dd379b0e8b570887c/images/no-poster-w185-v2.png
1299;Jonás Cuarón;1000;https://assets.tmdb.org/assets/7f29bd8b3370c71dd379b0e8b570887c/images/no-poster-w185-v2.png
1357;Matt Damon;1970;https://assets.tmdb.org/assets/7f29bd8b3370c71dd379b0e8b570887c/images/no-poster-w185-v2.png
1358;Bill Murray;1950;https://assets.tmdb.org/assets/7f29bd8b3370c71dd379b0e8b570887c/images/no-poster-w185-v2.png
1359;John Goodman;1952;https://assets.tmdb.org/assets/7f29bd8b3370c71dd379b0e8b570887c/images/no-poster-w185-v2.png
1360;Hugh Bonneville;1963;https://assets.tmdb.org/assets/7f29bd8b3370c71dd379b0e8b570887c/images/no-poster-w185-v2.png
1361;Jean Dujardin;1972;https://assets.tmdb.org/assets/7f29bd8b3370c71dd379b0e8b570887c/images/no-poster-w185-v2.png
1362;Bob Balaban;1945;https://assets.tmdb.org/assets/7f29bd8b3370c71dd379b0e8b570887c/images/no-poster-w185-v2.png
1363;Dimitri Leonidas;1987;https://assets.tmdb.org/assets/7f29bd8b3370c71dd379b0e8b570887c/images/no-poster-w185-v2.png
1364;Zahary Baharov;1980;https://assets.tmdb.org/assets/7f29bd8b3370c71dd379b0e8b570887c/images/no-poster-w185-v2.png
1365;Grant Heslov;1963;https://assets.tmdb.org/assets/7f29bd8b3370c71dd379b0e8b570887c/images/no-poster-w185-v2.png
1367;Cobie Smulders;1982;https://assets.tmdb.org/assets/7f29bd8b3370c71dd379b0e8b570887c/images/no-poster-w185-v2.png
1368;Channing Tatum;1980;https://assets.tmdb.org/assets/7f29bd8b3370c71dd379b0e8b570887c/images/no-poster-w185-v2.png
1369;Jonah Hill;1983;https://assets.tmdb.org/assets/7f29bd8b3370c71dd379b0e8b570887c/images/no-poster-w185-v2.png
1370;Elizabeth Banks;1974;https://assets.tmdb.org/assets/7f29bd8b3370c71dd379b0e8b570887c/images/no-poster-w185-v2.png
1371;Will Ferrell;1967;https://assets.tmdb.org/assets/7f29bd8b3370c71dd379b0e8b570887c/images/no-poster-w185-v2.png
1372;Chris Pratt;1979;https://assets.tmdb.org/assets/7f29bd8b3370c71dd379b0e8b570887c/images/no-poster-w185-v2.png
1373;Will Arnett;1970;https://assets.tmdb.org/assets/7f29bd8b3370c71dd379b0e8b570887c/images/no-poster-w185-v2.png
1374;Alison Brie;1982;https://assets.tmdb.org/assets/7f29bd8b3370c71dd379b0e8b570887c/images/no-poster-w185-v2.png
1375;Nick Offerman;1970;https://assets.tmdb.org/assets/7f29bd8b3370c71dd379b0e8b570887c/images/no-poster-w185-v2.png
1376;Charlie Day;1976;https://assets.tmdb.org/assets/7f29bd8b3370c71dd379b0e8b570887c/images/no-poster-w185-v2.png
1377;Dave Franco;1985;https://assets.tmdb.org/assets/7f29bd8b3370c71dd379b0e8b570887c/images/no-poster-w185-v2.png
1378;Will Forte;1970;https://assets.tmdb.org/assets/7f29bd8b3370c71dd379b0e8b570887c/images/no-poster-w185-v2.png
1379;Phil Lord;1000;https://assets.tmdb.org/assets/7f29bd8b3370c71dd379b0e8b570887c/images/no-poster-w185-v2.png
1380;Dan Hageman;1000;https://assets.tmdb.org/assets/7f29bd8b3370c71dd379b0e8b570887c/images/no-poster-w185-v2.png
1381;Kevin Hageman;1000;https://assets.tmdb.org/assets/7f29bd8b3370c71dd379b0e8b570887c/images/no-poster-w185-v2.png
1382;Chris Miller;1000;https://assets.tmdb.org/assets/7f29bd8b3370c71dd379b0e8b570887c/images/no-poster-w185-v2.png
1413;Joel Kinnaman;1979;https://assets.tmdb.org/assets/7f29bd8b3370c71dd379b0e8b570887c/images/no-poster-w185-v2.png
1414;Michael Keaton;1951;https://assets.tmdb.org/assets/7f29bd8b3370c71dd379b0e8b570887c/images/no-poster-w185-v2.png
1415;Jay Baruchel;1982;https://assets.tmdb.org/assets/7f29bd8b3370c71dd379b0e8b570887c/images/no-poster-w185-v2.png
1416;Abbie Cornish;1982;https://assets.tmdb.org/assets/7f29bd8b3370c71dd379b0e8b570887c/images/no-poster-w185-v2.png
1417;Jackie Earle Haley;1961;https://assets.tmdb.org/assets/7f29bd8b3370c71dd379b0e8b570887c/images/no-poster-w185-v2.png
1418;Jennifer Ehle;1969;https://assets.tmdb.org/assets/7f29bd8b3370c71dd379b0e8b570887c/images/no-poster-w185-v2.png
1419;Marianne Jean-Baptiste;1967;https://assets.tmdb.org/assets/7f29bd8b3370c71dd379b0e8b570887c/images/no-poster-w185-v2.png
1420;Aimee Garcia;1978;https://assets.tmdb.org/assets/7f29bd8b3370c71dd379b0e8b570887c/images/no-poster-w185-v2.png
1421;José Padilha;1967;https://assets.tmdb.org/assets/7f29bd8b3370c71dd379b0e8b570887c/images/no-poster-w185-v2.png
1422;Nick Schenk;1000;https://assets.tmdb.org/assets/7f29bd8b3370c71dd379b0e8b570887c/images/no-poster-w185-v2.png
1423;Joshua Zetumer;1000;https://assets.tmdb.org/assets/7f29bd8b3370c71dd379b0e8b570887c/images/no-poster-w185-v2.png
1551;Joaquin Phoenix;1974;https://assets.tmdb.org/assets/7f29bd8b3370c71dd379b0e8b570887c/images/no-poster-w185-v2.png
1552;Scarlett Johansson;1984;https://assets.tmdb.org/assets/7f29bd8b3370c71dd379b0e8b570887c/images/no-poster-w185-v2.png
1553;Rooney Mara;1985;https://assets.tmdb.org/assets/7f29bd8b3370c71dd379b0e8b570887c/images/no-poster-w185-v2.png
1554;Olivia Wilde;1984;https://image.tmdb.org/t/p/w185/3d69fgT1QOTDJxqy7FpBBAQxoM0.jpg
1555;Portia Doubleday;1988;https://assets.tmdb.org/assets/7f29bd8b3370c71dd379b0e8b570887c/images/no-poster-w185-v2.png
1556;Sam Jaeger;1977;https://assets.tmdb.org/assets/7f29bd8b3370c71dd379b0e8b570887c/images/no-poster-w185-v2.png
1557;Spike Jonze;1969;https://assets.tmdb.org/assets/7f29bd8b3370c71dd379b0e8b570887c/images/no-poster-w185-v2.png
1558;Bill Hader;1978;https://assets.tmdb.org/assets/7f29bd8b3370c71dd379b0e8b570887c/images/no-poster-w185-v2.png
1559;Kristen Wiig;1973;https://assets.tmdb.org/assets/7f29bd8b3370c71dd379b0e8b570887c/images/no-poster-w185-v2.png
1560;Brian Cox;1946;https://assets.tmdb.org/assets/7f29bd8b3370c71dd379b0e8b570887c/images/no-poster-w185-v2.png
1597;Matthew McConaughey;1969;https://assets.tmdb.org/assets/7f29bd8b3370c71dd379b0e8b570887c/images/no-poster-w185-v2.png
1598;Jennifer Garner;1972;https://assets.tmdb.org/assets/7f29bd8b3370c71dd379b0e8b570887c/images/no-poster-w185-v2.png
1599;Dallas Roberts;1970;https://assets.tmdb.org/assets/7f29bd8b3370c71dd379b0e8b570887c/images/no-poster-w185-v2.png
1600;Steve Zahn;1967;https://assets.tmdb.org/assets/7f29bd8b3370c71dd379b0e8b570887c/images/no-poster-w185-v2.png
1601;Kevin Rankin;1976;https://assets.tmdb.org/assets/7f29bd8b3370c71dd379b0e8b570887c/images/no-poster-w185-v2.png
1602;Griffin Dunne;1955;https://assets.tmdb.org/assets/7f29bd8b3370c71dd379b0e8b570887c/images/no-poster-w185-v2.png
1603;Denis O'Hare;1962;https://assets.tmdb.org/assets/7f29bd8b3370c71dd379b0e8b570887c/images/no-poster-w185-v2.png
1604;Jean-Marc Vallée;1963;https://assets.tmdb.org/assets/7f29bd8b3370c71dd379b0e8b570887c/images/no-poster-w185-v2.png
1605;Craig Borten;1000;https://assets.tmdb.org/assets/7f29bd8b3370c71dd379b0e8b570887c/images/no-poster-w185-v2.png
1606;Melisa Wallack;1000;https://assets.tmdb.org/assets/7f29bd8b3370c71dd379b0e8b570887c/images/no-poster-w185-v2.png
1694;Chiwetel Ejiofor;1977;https://assets.tmdb.org/assets/7f29bd8b3370c71dd379b0e8b570887c/images/no-poster-w185-v2.png
1695;Michael Fassbender;1977;https://assets.tmdb.org/assets/7f29bd8b3370c71dd379b0e8b570887c/images/no-poster-w185-v2.png
1696;Sarah Paulson;1974;https://assets.tmdb.org/assets/7f29bd8b3370c71dd379b0e8b570887c/images/no-poster-w185-v2.png
1697;Paul Dano;1984;https://assets.tmdb.org/assets/7f29bd8b3370c71dd379b0e8b570887c/images/no-poster-w185-v2.png
1698;Benedict Cumberbatch;1976;https://assets.tmdb.org/assets/7f29bd8b3370c71dd379b0e8b570887c/images/no-poster-w185-v2.png
1699;Garret Dillahunt;1964;https://assets.tmdb.org/assets/7f29bd8b3370c71dd379b0e8b570887c/images/no-poster-w185-v2.png
1700;Michael K. Williams;1966;https://assets.tmdb.org/assets/7f29bd8b3370c71dd379b0e8b570887c/images/no-poster-w185-v2.png
1701;Paul Giamatti;1967;https://assets.tmdb.org/assets/7f29bd8b3370c71dd379b0e8b570887c/images/no-poster-w185-v2.png
1702;Alfre Woodard;1952;https://assets.tmdb.org/assets/7f29bd8b3370c71dd379b0e8b570887c/images/no-poster-w185-v2.png
1703;Taran Killam;1982;https://assets.tmdb.org/assets/7f29bd8b3370c71dd379b0e8b570887c/images/no-poster-w185-v2.png
1704;Bryan Batt;1963;https://assets.tmdb.org/assets/7f29bd8b3370c71dd379b0e8b570887c/images/no-poster-w185-v2.png
1705;Steve McQueen;1969;https://assets.tmdb.org/assets/7f29bd8b3370c71dd379b0e8b570887c/images/no-poster-w185-v2.png
1706;John Ridley;1000;https://assets.tmdb.org/assets/7f29bd8b3370c71dd379b0e8b570887c/images/no-poster-w185-v2.png
1753;Jodie Foster;1962;https://assets.tmdb.org/assets/7f29bd8b3370c71dd379b0e8b570887c/images/no-poster-w185-v2.png
1754;Sharlto Copley;1973;https://assets.tmdb.org/assets/7f29bd8b3370c71dd379b0e8b570887c/images/no-poster-w185-v2.png
1755;Alice Braga;1983;https://assets.tmdb.org/assets/7f29bd8b3370c71dd379b0e8b570887c/images/no-poster-w185-v2.png
1756;Diego Luna;1979;https://assets.tmdb.org/assets/7f29bd8b3370c71dd379b0e8b570887c/images/no-poster-w185-v2.png
1757;Wagner Moura;1976;https://assets.tmdb.org/assets/7f29bd8b3370c71dd379b0e8b570887c/images/no-poster-w185-v2.png
1758;Faran Tahir;1963;https://assets.tmdb.org/assets/7f29bd8b3370c71dd379b0e8b570887c/images/no-poster-w185-v2.png
1759;Jose Pablo Cantillo;1979;https://assets.tmdb.org/assets/7f29bd8b3370c71dd379b0e8b570887c/images/no-poster-w185-v2.png
1760;Maxwell Perry Cotton;2000;https://assets.tmdb.org/assets/7f29bd8b3370c71dd379b0e8b570887c/images/no-poster-w185-v2.png
1761;Adrian Holmes;1974;https://assets.tmdb.org/assets/7f29bd8b3370c71dd379b0e8b570887c/images/no-poster-w185-v2.png
1762;Talisa Soto;1967;https://assets.tmdb.org/assets/7f29bd8b3370c71dd379b0e8b570887c/images/no-poster-w185-v2.png
1763;Michael Shanks;1970;https://assets.tmdb.org/assets/7f29bd8b3370c71dd379b0e8b570887c/images/no-poster-w185-v2.png
1764;Carly Pope;1980;https://assets.tmdb.org/assets/7f29bd8b3370c71dd379b0e8b570887c/images/no-poster-w185-v2.png
1765;Terry Chen;1975;https://assets.tmdb.org/assets/7f29bd8b3370c71dd379b0e8b570887c/images/no-poster-w185-v2.png
1766;Neill Blomkamp;1979;https://assets.tmdb.org/assets/7f29bd8b3370c71dd379b0e8b570887c/images/no-poster-w185-v2.png
1767;Simon Kinberg;1000;https://assets.tmdb.org/assets/7f29bd8b3370c71dd379b0e8b570887c/images/no-poster-w185-v2.png
1857;Josh Hutcherson;1992;https://assets.tmdb.org/assets/7f29bd8b3370c71dd379b0e8b570887c/images/no-poster-w185-v2.png
1858;Amanda Seyfried;1985;https://assets.tmdb.org/assets/7f29bd8b3370c71dd379b0e8b570887c/images/no-poster-w185-v2.png
1859;Colin Farrell;1976;https://assets.tmdb.org/assets/7f29bd8b3370c71dd379b0e8b570887c/images/no-poster-w185-v2.png
1860;Jason Sudeikis;1975;https://assets.tmdb.org/assets/7f29bd8b3370c71dd379b0e8b570887c/images/no-poster-w185-v2.png
1861;Aziz Ansari;1983;https://assets.tmdb.org/assets/7f29bd8b3370c71dd379b0e8b570887c/images/no-poster-w185-v2.png
1862;Beyoncé Knowles;1981;https://assets.tmdb.org/assets/7f29bd8b3370c71dd379b0e8b570887c/images/no-poster-w185-v2.png
1863;Judah Friedlander;1969;https://assets.tmdb.org/assets/7f29bd8b3370c71dd379b0e8b570887c/images/no-poster-w185-v2.png
1864;Steven Tyler;1948;https://image.tmdb.org/t/p/w185/fWZw1OWKHwg5NZ3cRb0S7GaXteO.jpg
1865;Pitbull;1981;https://assets.tmdb.org/assets/7f29bd8b3370c71dd379b0e8b570887c/images/no-poster-w185-v2.png
1866;Christoph Waltz;1956;https://assets.tmdb.org/assets/7f29bd8b3370c71dd379b0e8b570887c/images/no-poster-w185-v2.png
1867;John DiMaggio;1968;https://assets.tmdb.org/assets/7f29bd8b3370c71dd379b0e8b570887c/images/no-poster-w185-v2.png
1868;Troy Evans;1948;https://assets.tmdb.org/assets/7f29bd8b3370c71dd379b0e8b570887c/images/no-poster-w185-v2.png
1869;Chris Wedge;1957;https://assets.tmdb.org/assets/7f29bd8b3370c71dd379b0e8b570887c/images/no-poster-w185-v2.png
1870;Tom J. Astle;1000;https://assets.tmdb.org/assets/7f29bd8b3370c71dd379b0e8b570887c/images/no-poster-w185-v2.png
1871;Matt Ember;1000;https://assets.tmdb.org/assets/7f29bd8b3370c71dd379b0e8b570887c/images/no-poster-w185-v2.png
1872;James V. Hart;1000;https://assets.tmdb.org/assets/7f29bd8b3370c71dd379b0e8b570887c/images/no-poster-w185-v2.png
1873;William Joyce;1000;https://assets.tmdb.org/assets/7f29bd8b3370c71dd379b0e8b570887c/images/no-poster-w185-v2.png
1874;Daniel Shere;1000;https://assets.tmdb.org/assets/7f29bd8b3370c71dd379b0e8b570887c/images/no-poster-w185-v2.png
1936;Nicolas Cage;1964;https://assets.tmdb.org/assets/7f29bd8b3370c71dd379b0e8b570887c/images/no-poster-w185-v2.png
1937;Emma Stone;1988;https://assets.tmdb.org/assets/7f29bd8b3370c71dd379b0e8b570887c/images/no-poster-w185-v2.png
1938;Ryan Reynolds;1976;https://assets.tmdb.org/assets/7f29bd8b3370c71dd379b0e8b570887c/images/no-poster-w185-v2.png
1939;Catherine Keener;1959;https://assets.tmdb.org/assets/7f29bd8b3370c71dd379b0e8b570887c/images/no-poster-w185-v2.png
1940;Cloris Leachman;1926;https://assets.tmdb.org/assets/7f29bd8b3370c71dd379b0e8b570887c/images/no-poster-w185-v2.png
1941;Clark Duke;1985;https://assets.tmdb.org/assets/7f29bd8b3370c71dd379b0e8b570887c/images/no-poster-w185-v2.png
1942;Kirk De Micco;1000;https://assets.tmdb.org/assets/7f29bd8b3370c71dd379b0e8b570887c/images/no-poster-w185-v2.png
1943;Chris Sanders;1000;https://assets.tmdb.org/assets/7f29bd8b3370c71dd379b0e8b570887c/images/no-poster-w185-v2.png
1944;John Cleese;1939;https://assets.tmdb.org/assets/7f29bd8b3370c71dd379b0e8b570887c/images/no-poster-w185-v2.png
2009;Ty Burrell;1967;https://assets.tmdb.org/assets/7f29bd8b3370c71dd379b0e8b570887c/images/no-poster-w185-v2.png
2010;Max Charles;2003;https://assets.tmdb.org/assets/7f29bd8b3370c71dd379b0e8b570887c/images/no-poster-w185-v2.png
2011;Ariel Winter;1998;https://assets.tmdb.org/assets/7f29bd8b3370c71dd379b0e8b570887c/images/no-poster-w185-v2.png
2012;Allison Janney;1959;https://assets.tmdb.org/assets/7f29bd8b3370c71dd379b0e8b570887c/images/no-poster-w185-v2.png
2013;Ellie Kemper;1980;https://assets.tmdb.org/assets/7f29bd8b3370c71dd379b0e8b570887c/images/no-poster-w185-v2.png
2014;Stephen Colbert;1964;https://assets.tmdb.org/assets/7f29bd8b3370c71dd379b0e8b570887c/images/no-poster-w185-v2.png
2015;Stephen Tobolowsky;1951;https://assets.tmdb.org/assets/7f29bd8b3370c71dd379b0e8b570887c/images/no-poster-w185-v2.png
2016;Karan Brar;1999;https://assets.tmdb.org/assets/7f29bd8b3370c71dd379b0e8b570887c/images/no-poster-w185-v2.png
2017;Adam Alexi-Malle;1964;https://assets.tmdb.org/assets/7f29bd8b3370c71dd379b0e8b570887c/images/no-poster-w185-v2.png
2018;Stanley Tucci;1960;https://assets.tmdb.org/assets/7f29bd8b3370c71dd379b0e8b570887c/images/no-poster-w185-v2.png
2019;Leslie Mann;1972;https://assets.tmdb.org/assets/7f29bd8b3370c71dd379b0e8b570887c/images/no-poster-w185-v2.png
2020;Rob Minkoff;1962;https://assets.tmdb.org/assets/7f29bd8b3370c71dd379b0e8b570887c/images/no-poster-w185-v2.png
2021;Jason Clarke;1969;https://assets.tmdb.org/assets/7f29bd8b3370c71dd379b0e8b570887c/images/no-poster-w185-v2.png
2022;Craig Wright;1000;https://assets.tmdb.org/assets/7f29bd8b3370c71dd379b0e8b570887c/images/no-poster-w185-v2.png
2056;Robert Downey Jr.;1965;https://assets.tmdb.org/assets/7f29bd8b3370c71dd379b0e8b570887c/images/no-poster-w185-v2.png
2057;Chris Evans;1981;https://assets.tmdb.org/assets/7f29bd8b3370c71dd379b0e8b570887c/images/no-poster-w185-v2.png
2058;Mark Ruffalo;1967;https://assets.tmdb.org/assets/7f29bd8b3370c71dd379b0e8b570887c/images/no-poster-w185-v2.png
2059;Chris Hemsworth;1983;https://assets.tmdb.org/assets/7f29bd8b3370c71dd379b0e8b570887c/images/no-poster-w185-v2.png
2060;Tom Hiddleston;1981;https://assets.tmdb.org/assets/7f29bd8b3370c71dd379b0e8b570887c/images/no-poster-w185-v2.png
2061;Clark Gregg;1962;https://assets.tmdb.org/assets/7f29bd8b3370c71dd379b0e8b570887c/images/no-poster-w185-v2.png
2062;Stellan Skarsgård;1951;https://assets.tmdb.org/assets/7f29bd8b3370c71dd379b0e8b570887c/images/no-poster-w185-v2.png
2063;Gwyneth Paltrow;1972;https://assets.tmdb.org/assets/7f29bd8b3370c71dd379b0e8b570887c/images/no-poster-w185-v2.png
2064;Paul Bettany;1971;https://assets.tmdb.org/assets/7f29bd8b3370c71dd379b0e8b570887c/images/no-poster-w185-v2.png
2065;Jenny Agutter;1952;https://assets.tmdb.org/assets/7f29bd8b3370c71dd379b0e8b570887c/images/no-poster-w185-v2.png
2066;Walter Perez;1982;https://assets.tmdb.org/assets/7f29bd8b3370c71dd379b0e8b570887c/images/no-poster-w185-v2.png
2067;Powers Boothe;1948;https://assets.tmdb.org/assets/7f29bd8b3370c71dd379b0e8b570887c/images/no-poster-w185-v2.png
2068;Stan Lee;1922;https://assets.tmdb.org/assets/7f29bd8b3370c71dd379b0e8b570887c/images/no-poster-w185-v2.png
2069;Ashley Johnson;1983;https://assets.tmdb.org/assets/7f29bd8b3370c71dd379b0e8b570887c/images/no-poster-w185-v2.png
2070;Jerzy Skolimowski;1938;https://assets.tmdb.org/assets/7f29bd8b3370c71dd379b0e8b570887c/images/no-poster-w185-v2.png
2071;James Eckhouse;1955;https://assets.tmdb.org/assets/7f29bd8b3370c71dd379b0e8b570887c/images/no-poster-w185-v2.png
2072;Enver Gjokaj;1980;https://assets.tmdb.org/assets/7f29bd8b3370c71dd379b0e8b570887c/images/no-poster-w185-v2.png
2073;Joss Whedon;1964;https://assets.tmdb.org/assets/7f29bd8b3370c71dd379b0e8b570887c/images/no-poster-w185-v2.png
2074;Jon Favreau;1966;https://assets.tmdb.org/assets/7f29bd8b3370c71dd379b0e8b570887c/images/no-poster-w185-v2.png
2075;Kevin Feige;1000;https://assets.tmdb.org/assets/7f29bd8b3370c71dd379b0e8b570887c/images/no-poster-w185-v2.png
2076;Zak Penn;1000;https://assets.tmdb.org/assets/7f29bd8b3370c71dd379b0e8b570887c/images/no-poster-w185-v2.png
2233;Gemma Arterton;1986;https://assets.tmdb.org/assets/7f29bd8b3370c71dd379b0e8b570887c/images/no-poster-w185-v2.png
2234;Famke Janssen;1965;https://assets.tmdb.org/assets/7f29bd8b3370c71dd379b0e8b570887c/images/no-poster-w185-v2.png
2235;Pihla Viitala;1982;https://assets.tmdb.org/assets/7f29bd8b3370c71dd379b0e8b570887c/images/no-poster-w185-v2.png
2236;Derek Mears;1972;https://image.tmdb.org/t/p/w185/jsHyZmBZEmhrmK5XBDFJWsPsTwL.jpg
2237;Peter Stormare;1953;https://image.tmdb.org/t/p/w185/dDR0brp5L7fXDyEywrhjQv01LSg.jpg
2238;Ingrid Bolsø Berdal;1980;https://assets.tmdb.org/assets/7f29bd8b3370c71dd379b0e8b570887c/images/no-poster-w185-v2.png
2239;Zoë Bell;1978;https://assets.tmdb.org/assets/7f29bd8b3370c71dd379b0e8b570887c/images/no-poster-w185-v2.png
2240;Joanna Kulig;1982;https://assets.tmdb.org/assets/7f29bd8b3370c71dd379b0e8b570887c/images/no-poster-w185-v2.png
2241;Monique Ganderton;1980;https://assets.tmdb.org/assets/7f29bd8b3370c71dd379b0e8b570887c/images/no-poster-w185-v2.png
2242;Thomas Scharff;1970;https://assets.tmdb.org/assets/7f29bd8b3370c71dd379b0e8b570887c/images/no-poster-w185-v2.png
2243;Tommy Wirkola;1000;https://assets.tmdb.org/assets/7f29bd8b3370c71dd379b0e8b570887c/images/no-poster-w185-v2.png
2244;Adam McKay;1968;https://assets.tmdb.org/assets/7f29bd8b3370c71dd379b0e8b570887c/images/no-poster-w185-v2.png
2245;Dante Harper;1000;https://assets.tmdb.org/assets/7f29bd8b3370c71dd379b0e8b570887c/images/no-poster-w185-v2.png
2399;Zac Efron;1987;https://assets.tmdb.org/assets/7f29bd8b3370c71dd379b0e8b570887c/images/no-poster-w185-v2.png
2400;Taylor Swift;1989;https://assets.tmdb.org/assets/7f29bd8b3370c71dd379b0e8b570887c/images/no-poster-w185-v2.png
2401;Ed Helms;1974;https://assets.tmdb.org/assets/7f29bd8b3370c71dd379b0e8b570887c/images/no-poster-w185-v2.png
2402;Willow Smith;2000;https://assets.tmdb.org/assets/7f29bd8b3370c71dd379b0e8b570887c/images/no-poster-w185-v2.png
2403;Rob Riggle;1970;https://assets.tmdb.org/assets/7f29bd8b3370c71dd379b0e8b570887c/images/no-poster-w185-v2.png
2404;Betty White;1922;https://assets.tmdb.org/assets/7f29bd8b3370c71dd379b0e8b570887c/images/no-poster-w185-v2.png
2405;Jenny Slate;1982;https://assets.tmdb.org/assets/7f29bd8b3370c71dd379b0e8b570887c/images/no-poster-w185-v2.png
2406;Nasim Pedrad;1981;https://assets.tmdb.org/assets/7f29bd8b3370c71dd379b0e8b570887c/images/no-poster-w185-v2.png
2407;Elmarie Wendel;1939;https://assets.tmdb.org/assets/7f29bd8b3370c71dd379b0e8b570887c/images/no-poster-w185-v2.png
2408;Danny Cooksey;1975;https://assets.tmdb.org/assets/7f29bd8b3370c71dd379b0e8b570887c/images/no-poster-w185-v2.png
2409;Chris Renaud;1000;https://assets.tmdb.org/assets/7f29bd8b3370c71dd379b0e8b570887c/images/no-poster-w185-v2.png
2410;Kyle Balda;1000;https://assets.tmdb.org/assets/7f29bd8b3370c71dd379b0e8b570887c/images/no-poster-w185-v2.png
2411;Cinco Paul;1000;https://assets.tmdb.org/assets/7f29bd8b3370c71dd379b0e8b570887c/images/no-poster-w185-v2.png
2412;Ken Daurio;1000;https://assets.tmdb.org/assets/7f29bd8b3370c71dd379b0e8b570887c/images/no-poster-w185-v2.png
2423;Lea Salonga;1971;https://assets.tmdb.org/assets/7f29bd8b3370c71dd379b0e8b570887c/images/no-poster-w185-v2.png
2424;Eddie Murphy;1961;https://assets.tmdb.org/assets/7f29bd8b3370c71dd379b0e8b570887c/images/no-poster-w185-v2.png
2425;BD Wong;1960;https://assets.tmdb.org/assets/7f29bd8b3370c71dd379b0e8b570887c/images/no-poster-w185-v2.png
2426;Ming-Na Wen;1963;https://assets.tmdb.org/assets/7f29bd8b3370c71dd379b0e8b570887c/images/no-poster-w185-v2.png
2427;Miguel Ferrer;1955;https://assets.tmdb.org/assets/7f29bd8b3370c71dd379b0e8b570887c/images/no-poster-w185-v2.png
2428;Harvey Fierstein;1952;https://image.tmdb.org/t/p/w185/7AN3n6TENCrRhU5pKxEM6W0mCjg.jpg
2429;June Foray;1917;https://assets.tmdb.org/assets/7f29bd8b3370c71dd379b0e8b570887c/images/no-poster-w185-v2.png
2430;James Hong;1929;https://assets.tmdb.org/assets/7f29bd8b3370c71dd379b0e8b570887c/images/no-poster-w185-v2.png
2431;Miriam Margolyes;1941;https://assets.tmdb.org/assets/7f29bd8b3370c71dd379b0e8b570887c/images/no-poster-w185-v2.png
2432;Pat Morita;1932;https://assets.tmdb.org/assets/7f29bd8b3370c71dd379b0e8b570887c/images/no-poster-w185-v2.png
2433;Soon-Tek Oh;1943;https://assets.tmdb.org/assets/7f29bd8b3370c71dd379b0e8b570887c/images/no-poster-w185-v2.png
2434;Donny Osmond;1957;https://assets.tmdb.org/assets/7f29bd8b3370c71dd379b0e8b570887c/images/no-poster-w185-v2.png
2435;James Shigeta;1933;https://assets.tmdb.org/assets/7f29bd8b3370c71dd379b0e8b570887c/images/no-poster-w185-v2.png
2436;George Takei;1937;https://image.tmdb.org/t/p/w185/yXQsJ0ahBXsbxzJUYjwyCxpJHgp.jpg
2437;Gedde Watanabe;1955;https://assets.tmdb.org/assets/7f29bd8b3370c71dd379b0e8b570887c/images/no-poster-w185-v2.png
2438;Frank Welker;1946;https://assets.tmdb.org/assets/7f29bd8b3370c71dd379b0e8b570887c/images/no-poster-w185-v2.png
2439;Tony Bancroft;1000;https://assets.tmdb.org/assets/7f29bd8b3370c71dd379b0e8b570887c/images/no-poster-w185-v2.png
2440;Barry Cook;1000;https://assets.tmdb.org/assets/7f29bd8b3370c71dd379b0e8b570887c/images/no-poster-w185-v2.png
2441;Rita Hsiao;1000;https://assets.tmdb.org/assets/7f29bd8b3370c71dd379b0e8b570887c/images/no-poster-w185-v2.png
2442;Philip LaZebnik;1000;https://assets.tmdb.org/assets/7f29bd8b3370c71dd379b0e8b570887c/images/no-poster-w185-v2.png
2443;Raymond Singer;1000;https://assets.tmdb.org/assets/7f29bd8b3370c71dd379b0e8b570887c/images/no-poster-w185-v2.png
2444;Eugenia Bostwick-Singer;1000;https://assets.tmdb.org/assets/7f29bd8b3370c71dd379b0e8b570887c/images/no-poster-w185-v2.png
2499;Ray Winstone;1957;https://assets.tmdb.org/assets/7f29bd8b3370c71dd379b0e8b570887c/images/no-poster-w185-v2.png
2500;Angelina Jolie;1975;https://assets.tmdb.org/assets/7f29bd8b3370c71dd379b0e8b570887c/images/no-poster-w185-v2.png
2501;Anthony Hopkins;1937;https://assets.tmdb.org/assets/7f29bd8b3370c71dd379b0e8b570887c/images/no-poster-w185-v2.png
2502;John Malkovich;1953;https://assets.tmdb.org/assets/7f29bd8b3370c71dd379b0e8b570887c/images/no-poster-w185-v2.png
2503;Brendan Gleeson;1955;https://assets.tmdb.org/assets/7f29bd8b3370c71dd379b0e8b570887c/images/no-poster-w185-v2.png
2504;Crispin Glover;1964;https://image.tmdb.org/t/p/w185/thA5rOv5XE1oFpxD9DSp0tDrIIR.jpg
2505;Alison Lohman;1979;https://assets.tmdb.org/assets/7f29bd8b3370c71dd379b0e8b570887c/images/no-poster-w185-v2.png
2506;Greg Ellis;1968;https://image.tmdb.org/t/p/w185/qQvPe0TO5yYJCSNIM8KRf55F5cw.jpg
2507;Sebastian Roché;1964;https://assets.tmdb.org/assets/7f29bd8b3370c71dd379b0e8b570887c/images/no-poster-w185-v2.png
2508;Dominic Keating;1962;https://assets.tmdb.org/assets/7f29bd8b3370c71dd379b0e8b570887c/images/no-poster-w185-v2.png
2509;Rik Young;1978;https://assets.tmdb.org/assets/7f29bd8b3370c71dd379b0e8b570887c/images/no-poster-w185-v2.png
2510;Neil Gaiman;1960;https://assets.tmdb.org/assets/7f29bd8b3370c71dd379b0e8b570887c/images/no-poster-w185-v2.png
2655;James Purefoy;1964;https://assets.tmdb.org/assets/7f29bd8b3370c71dd379b0e8b570887c/images/no-poster-w185-v2.png
2656;Alice Krige;1954;https://assets.tmdb.org/assets/7f29bd8b3370c71dd379b0e8b570887c/images/no-poster-w185-v2.png
2657;Mackenzie Crook;1971;https://image.tmdb.org/t/p/w185/pkBBzUyeJSI8OY8rf6TM6Dz0NXL.jpg
2658;Max von Sydow;1929;https://assets.tmdb.org/assets/7f29bd8b3370c71dd379b0e8b570887c/images/no-poster-w185-v2.png
2659;Jason Flemyng;1966;https://assets.tmdb.org/assets/7f29bd8b3370c71dd379b0e8b570887c/images/no-poster-w185-v2.png
2660;Rachel Hurd-Wood;1990;https://assets.tmdb.org/assets/7f29bd8b3370c71dd379b0e8b570887c/images/no-poster-w185-v2.png
2661;Anthony Wilks;1983;https://assets.tmdb.org/assets/7f29bd8b3370c71dd379b0e8b570887c/images/no-poster-w185-v2.png
2662;Ian Whyte;1971;https://assets.tmdb.org/assets/7f29bd8b3370c71dd379b0e8b570887c/images/no-poster-w185-v2.png
2663;James Babson;1974;https://assets.tmdb.org/assets/7f29bd8b3370c71dd379b0e8b570887c/images/no-poster-w185-v2.png
2664;Michael J. Bassett;1000;https://assets.tmdb.org/assets/7f29bd8b3370c71dd379b0e8b570887c/images/no-poster-w185-v2.png
2768;Kevin Spacey;1959;https://assets.tmdb.org/assets/7f29bd8b3370c71dd379b0e8b570887c/images/no-poster-w185-v2.png
2769;Stephen Baldwin;1966;https://assets.tmdb.org/assets/7f29bd8b3370c71dd379b0e8b570887c/images/no-poster-w185-v2.png
2770;Gabriel Byrne;1950;https://assets.tmdb.org/assets/7f29bd8b3370c71dd379b0e8b570887c/images/no-poster-w185-v2.png
2771;Benicio del Toro;1967;https://assets.tmdb.org/assets/7f29bd8b3370c71dd379b0e8b570887c/images/no-poster-w185-v2.png
2772;Kevin Pollak;1957;https://assets.tmdb.org/assets/7f29bd8b3370c71dd379b0e8b570887c/images/no-poster-w185-v2.png
2773;Chazz Palminteri;1952;https://assets.tmdb.org/assets/7f29bd8b3370c71dd379b0e8b570887c/images/no-poster-w185-v2.png
2774;Giancarlo Esposito;1958;https://assets.tmdb.org/assets/7f29bd8b3370c71dd379b0e8b570887c/images/no-poster-w185-v2.png
2775;Suzy Amis;1962;https://assets.tmdb.org/assets/7f29bd8b3370c71dd379b0e8b570887c/images/no-poster-w185-v2.png
2776;Dan Hedaya;1940;https://assets.tmdb.org/assets/7f29bd8b3370c71dd379b0e8b570887c/images/no-poster-w185-v2.png
2777;Christine Estabrook;1952;https://assets.tmdb.org/assets/7f29bd8b3370c71dd379b0e8b570887c/images/no-poster-w185-v2.png
2778;Paul Bartel;1938;https://assets.tmdb.org/assets/7f29bd8b3370c71dd379b0e8b570887c/images/no-poster-w185-v2.png
2779;Bryan Singer;1965;https://assets.tmdb.org/assets/7f29bd8b3370c71dd379b0e8b570887c/images/no-poster-w185-v2.png
2780;Christopher McQuarrie;1000;https://assets.tmdb.org/assets/7f29bd8b3370c71dd379b0e8b570887c/images/no-poster-w185-v2.png
2886;Asa Butterfield;1997;https://assets.tmdb.org/assets/7f29bd8b3370c71dd379b0e8b570887c/images/no-poster-w185-v2.png
2887;Chloë Grace Moretz;1997;https://assets.tmdb.org/assets/7f29bd8b3370c71dd379b0e8b570887c/images/no-poster-w185-v2.png
2888;Sacha Baron Cohen;1971;https://assets.tmdb.org/assets/7f29bd8b3370c71dd379b0e8b570887c/images/no-poster-w185-v2.png
2889;Jude Law;1972;https://assets.tmdb.org/assets/7f29bd8b3370c71dd379b0e8b570887c/images/no-poster-w185-v2.png
2890;Helen McCrory;1968;https://assets.tmdb.org/assets/7f29bd8b3370c71dd379b0e8b570887c/images/no-poster-w185-v2.png
2891;Michael Stuhlbarg;1968;https://assets.tmdb.org/assets/7f29bd8b3370c71dd379b0e8b570887c/images/no-poster-w185-v2.png
2892;Emily Mortimer;1971;https://assets.tmdb.org/assets/7f29bd8b3370c71dd379b0e8b570887c/images/no-poster-w185-v2.png
2893;Frances de la Tour;1944;https://image.tmdb.org/t/p/w185/8PvwBlVzzS2sRSLlElRLNG7CYRE.jpg
2894;Richard Griffiths;1947;https://assets.tmdb.org/assets/7f29bd8b3370c71dd379b0e8b570887c/images/no-poster-w185-v2.png
2895;Johnny Depp;1963;https://image.tmdb.org/t/p/w185/5sc2pu4YWItxCaXSvrFpg64zN9J.jpg
2896;John Logan;1000;https://assets.tmdb.org/assets/7f29bd8b3370c71dd379b0e8b570887c/images/no-poster-w185-v2.png
2897;Brian Selznick;1000;https://assets.tmdb.org/assets/7f29bd8b3370c71dd379b0e8b570887c/images/no-poster-w185-v2.png
3107;William H. Macy;1950;https://assets.tmdb.org/assets/7f29bd8b3370c71dd379b0e8b570887c/images/no-poster-w185-v2.png
3108;Frances McDormand;1957;https://assets.tmdb.org/assets/7f29bd8b3370c71dd379b0e8b570887c/images/no-poster-w185-v2.png
3109;Harve Presnell;1933;https://assets.tmdb.org/assets/7f29bd8b3370c71dd379b0e8b570887c/images/no-poster-w185-v2.png
3110;John Carroll Lynch;1963;https://assets.tmdb.org/assets/7f29bd8b3370c71dd379b0e8b570887c/images/no-poster-w185-v2.png
3111;Steve Reevis;1962;https://assets.tmdb.org/assets/7f29bd8b3370c71dd379b0e8b570887c/images/no-poster-w185-v2.png
3112;Joel Coen;1954;https://assets.tmdb.org/assets/7f29bd8b3370c71dd379b0e8b570887c/images/no-poster-w185-v2.png
3113;Ethan Coen;1957;https://assets.tmdb.org/assets/7f29bd8b3370c71dd379b0e8b570887c/images/no-poster-w185-v2.png
3253;Kasi Lemmons;1961;https://assets.tmdb.org/assets/7f29bd8b3370c71dd379b0e8b570887c/images/no-poster-w185-v2.png
3254;Scott Glenn;1941;https://assets.tmdb.org/assets/7f29bd8b3370c71dd379b0e8b570887c/images/no-poster-w185-v2.png
3255;Anthony Heald;1944;https://assets.tmdb.org/assets/7f29bd8b3370c71dd379b0e8b570887c/images/no-poster-w185-v2.png
3256;Frankie Faison;1949;https://assets.tmdb.org/assets/7f29bd8b3370c71dd379b0e8b570887c/images/no-poster-w185-v2.png
3257;Brooke Smith;1967;https://assets.tmdb.org/assets/7f29bd8b3370c71dd379b0e8b570887c/images/no-poster-w185-v2.png
3258;Ted Levine;1957;https://assets.tmdb.org/assets/7f29bd8b3370c71dd379b0e8b570887c/images/no-poster-w185-v2.png
3259;Tracey Walter;1947;https://image.tmdb.org/t/p/w185/kRFzCvB08MVF9T8pLT0V1GiXzXF.jpg
3260;Dan Butler;1954;https://assets.tmdb.org/assets/7f29bd8b3370c71dd379b0e8b570887c/images/no-poster-w185-v2.png
3261;Obba Babatunde;1951;https://image.tmdb.org/t/p/w185/vUYCsIIoasA6rnxGuN7ZjaRIBrn.jpg
3262;Diane Baker;1938;https://assets.tmdb.org/assets/7f29bd8b3370c71dd379b0e8b570887c/images/no-poster-w185-v2.png
3263;Charles Napier;1936;https://image.tmdb.org/t/p/w185/hZ3bCBxnHc7Zvrm3Rt2CPgXSLLT.jpg
3264;Chris Isaak;1956;https://assets.tmdb.org/assets/7f29bd8b3370c71dd379b0e8b570887c/images/no-poster-w185-v2.png
3265;Daniel von Bargen;1950;https://image.tmdb.org/t/p/w185/fFiiZCvBCqQ4xmCzYpMJQ7xboP3.jpg
3266;George A. Romero;1940;https://assets.tmdb.org/assets/7f29bd8b3370c71dd379b0e8b570887c/images/no-poster-w185-v2.png
3267;Jonathan Demme;1944;https://image.tmdb.org/t/p/w185/suxo4qCWhq2Giep8UKhrf8bF4vc.jpg
3268;Ted Tally;1000;https://assets.tmdb.org/assets/7f29bd8b3370c71dd379b0e8b570887c/images/no-poster-w185-v2.png
3269;Thomas Harris;1000;https://assets.tmdb.org/assets/7f29bd8b3370c71dd379b0e8b570887c/images/no-poster-w185-v2.png
3391;Colin Firth;1960;https://assets.tmdb.org/assets/7f29bd8b3370c71dd379b0e8b570887c/images/no-poster-w185-v2.png
3392;Geoffrey Rush;1951;https://image.tmdb.org/t/p/w185/c0jbNjWb9DHm5xfBIeEtHZdZJmI.jpg
3393;Guy Pearce;1967;https://assets.tmdb.org/assets/7f29bd8b3370c71dd379b0e8b570887c/images/no-poster-w185-v2.png
3394;Timothy Spall;1957;https://image.tmdb.org/t/p/w185/wqPqtdxObseJikozhcWLNDU5Pao.jpg
3395;Michael Gambon;1940;https://assets.tmdb.org/assets/7f29bd8b3370c71dd379b0e8b570887c/images/no-poster-w185-v2.png
3396;Derek Jacobi;1938;https://assets.tmdb.org/assets/7f29bd8b3370c71dd379b0e8b570887c/images/no-poster-w185-v2.png
3397;Ramona Marquez;2001;https://assets.tmdb.org/assets/7f29bd8b3370c71dd379b0e8b570887c/images/no-poster-w185-v2.png
3398;Tom Hooper;1000;https://assets.tmdb.org/assets/7f29bd8b3370c71dd379b0e8b570887c/images/no-poster-w185-v2.png
3399;David Seidler;1000;https://assets.tmdb.org/assets/7f29bd8b3370c71dd379b0e8b570887c/images/no-poster-w185-v2.png
3460;Daniel Day-Lewis;1957;https://assets.tmdb.org/assets/7f29bd8b3370c71dd379b0e8b570887c/images/no-poster-w185-v2.png
3461;Kevin J. O'Connor;1963;https://assets.tmdb.org/assets/7f29bd8b3370c71dd379b0e8b570887c/images/no-poster-w185-v2.png
3462;Barry Del Sherman;1962;https://image.tmdb.org/t/p/w185/8uUOdG0fTnPYNkSgPpQDhzxSrjw.jpg
3463;Paul F. Tompkins;1968;https://assets.tmdb.org/assets/7f29bd8b3370c71dd379b0e8b570887c/images/no-poster-w185-v2.png
3464;Paul Thomas Anderson;1970;https://assets.tmdb.org/assets/7f29bd8b3370c71dd379b0e8b570887c/images/no-poster-w185-v2.png
3625;Meryl Streep;1949;https://image.tmdb.org/t/p/w185/oTJj6bLpbmseLww03MOn0eDqYuh.jpg
3626;Anthony Stewart Head;1954;https://assets.tmdb.org/assets/7f29bd8b3370c71dd379b0e8b570887c/images/no-poster-w185-v2.png
3627;Harry Lloyd;1983;https://assets.tmdb.org/assets/7f29bd8b3370c71dd379b0e8b570887c/images/no-poster-w185-v2.png
3628;Iain Glen;1961;https://assets.tmdb.org/assets/7f29bd8b3370c71dd379b0e8b570887c/images/no-poster-w185-v2.png
3629;Olivia Colman;1974;https://assets.tmdb.org/assets/7f29bd8b3370c71dd379b0e8b570887c/images/no-poster-w185-v2.png
3630;Phyllida Lloyd;1957;https://assets.tmdb.org/assets/7f29bd8b3370c71dd379b0e8b570887c/images/no-poster-w185-v2.png
3631;Abi Morgan;1000;https://assets.tmdb.org/assets/7f29bd8b3370c71dd379b0e8b570887c/images/no-poster-w185-v2.png
3681;Sean Connery;1930;https://assets.tmdb.org/assets/7f29bd8b3370c71dd379b0e8b570887c/images/no-poster-w185-v2.png
3682;Andy García;1956;https://assets.tmdb.org/assets/7f29bd8b3370c71dd379b0e8b570887c/images/no-poster-w185-v2.png
3683;Charles Martin Smith;1953;https://assets.tmdb.org/assets/7f29bd8b3370c71dd379b0e8b570887c/images/no-poster-w185-v2.png
3684;Richard Bradford;1937;https://assets.tmdb.org/assets/7f29bd8b3370c71dd379b0e8b570887c/images/no-poster-w185-v2.png
3685;Billy Drago;1949;https://assets.tmdb.org/assets/7f29bd8b3370c71dd379b0e8b570887c/images/no-poster-w185-v2.png
3686;Patricia Clarkson;1959;https://image.tmdb.org/t/p/w185/10ZSyaUqzUlKTd60HmeiGhlytZG.jpg
3687;Don Harvey;1960;https://assets.tmdb.org/assets/7f29bd8b3370c71dd379b0e8b570887c/images/no-poster-w185-v2.png
3688;Brian De Palma;1940;https://assets.tmdb.org/assets/7f29bd8b3370c71dd379b0e8b570887c/images/no-poster-w185-v2.png
3689;Art Linson;1000;https://assets.tmdb.org/assets/7f29bd8b3370c71dd379b0e8b570887c/images/no-poster-w185-v2.png
3690;David Mamet;1947;https://assets.tmdb.org/assets/7f29bd8b3370c71dd379b0e8b570887c/images/no-poster-w185-v2.png
3754;Philip Seymour Hoffman;1967;https://assets.tmdb.org/assets/7f29bd8b3370c71dd379b0e8b570887c/images/no-poster-w185-v2.png
3755;Kwesi Ameyaw;1975;https://assets.tmdb.org/assets/7f29bd8b3370c71dd379b0e8b570887c/images/no-poster-w185-v2.png
3756;Chris Cooper;1951;https://assets.tmdb.org/assets/7f29bd8b3370c71dd379b0e8b570887c/images/no-poster-w185-v2.png
3757;Clifton Collins, Jr.;1970;https://assets.tmdb.org/assets/7f29bd8b3370c71dd379b0e8b570887c/images/no-poster-w185-v2.png
3758;Mark Pellegrino;1965;https://assets.tmdb.org/assets/7f29bd8b3370c71dd379b0e8b570887c/images/no-poster-w185-v2.png
3759;Amy Ryan;1969;https://assets.tmdb.org/assets/7f29bd8b3370c71dd379b0e8b570887c/images/no-poster-w185-v2.png
3760;Bennett Miller;1966;https://assets.tmdb.org/assets/7f29bd8b3370c71dd379b0e8b570887c/images/no-poster-w185-v2.png
3761;Dan Futterman;1967;https://assets.tmdb.org/assets/7f29bd8b3370c71dd379b0e8b570887c/images/no-poster-w185-v2.png
3916;Anna Faris;1976;https://assets.tmdb.org/assets/7f29bd8b3370c71dd379b0e8b570887c/images/no-poster-w185-v2.png
3917;Giovanni Ribisi;1974;https://image.tmdb.org/t/p/w185/mLQrEU7X7GD5V7i1clGRqpg8PVk.jpg
